1.00000E-04,1.69532E+00
2.25000E-04,1.04327E+00
3.50000E-04,7.53474E-01
4.75000E-04,5.89675E-01
6.00000E-04,4.84376E-01
7.25000E-04,4.10986E-01
8.50000E-04,3.56909E-01
9.75000E-04,3.15408E-01
1.10000E-03,2.82553E-01
1.22500E-03,2.55897E-01
1.35000E-03,2.33837E-01
1.47500E-03,2.15278E-01
1.60000E-03,1.99449E-01
1.72500E-03,1.85788E-01
1.85000E-03,1.73879E-01
1.97500E-03,1.63404E-01
2.10000E-03,1.54120E-01
2.22500E-03,1.45834E-01
2.35000E-03,1.38393E-01
2.47500E-03,1.31675E-01
2.60000E-03,1.25579E-01
2.72500E-03,1.20022E-01
2.85000E-03,1.14937E-01
2.97500E-03,1.10264E-01
3.10000E-03,1.05957E-01
3.22500E-03,1.01974E-01
3.35000E-03,9.82792E-02
3.47500E-03,9.48429E-02
3.60000E-03,9.16387E-02
3.72500E-03,8.86440E-02
3.85000E-03,8.58388E-02
3.97500E-03,8.32057E-02
4.10000E-03,8.07293E-02
4.22500E-03,7.83961E-02
4.35000E-03,7.61940E-02
4.47500E-03,7.41122E-02
4.60000E-03,7.21411E-02
4.72500E-03,7.02722E-02
4.85000E-03,6.84976E-02
4.97500E-03,6.68105E-02
5.00000E-03,6.64830E-02
5.50000E-03,6.05470E-02
6.00000E-03,5.55841E-02
6.50000E-03,5.13732E-02
7.00000E-03,4.77554E-02
7.50000E-03,4.46136E-02
8.00000E-03,4.18597E-02
8.50000E-03,3.94260E-02
9.00000E-03,3.72597E-02
9.50000E-03,3.53191E-02
1.00000E-02,3.35706E-02
1.05000E-02,3.19871E-02
1.10000E-02,3.05462E-02
1.15000E-02,2.92296E-02
1.20000E-02,2.80218E-02
1.25000E-02,2.69098E-02
1.30000E-02,2.58827E-02
1.35000E-02,2.49311E-02
1.40000E-02,2.40470E-02
1.45000E-02,2.32235E-02
1.50000E-02,2.24545E-02
1.55000E-02,2.17348E-02
1.60000E-02,2.10598E-02
1.65000E-02,2.04255E-02
1.70000E-02,1.98283E-02
1.75000E-02,1.92650E-02
1.80000E-02,1.87328E-02
1.85000E-02,1.82292E-02
1.90000E-02,1.77520E-02
1.95000E-02,1.72991E-02
2.00000E-02,1.68688E-02
2.05000E-02,1.64594E-02
2.10000E-02,1.60693E-02
2.15000E-02,1.56974E-02
2.20000E-02,1.53422E-02
2.25000E-02,1.50028E-02
2.30000E-02,1.46781E-02
2.35000E-02,1.43671E-02
2.40000E-02,1.40690E-02
2.45000E-02,1.37831E-02
2.50000E-02,1.35085E-02
2.55000E-02,1.32447E-02
2.60000E-02,1.29909E-02
2.65000E-02,1.27467E-02
2.70000E-02,1.25116E-02
2.75000E-02,1.22849E-02
2.80000E-02,1.20663E-02
2.85000E-02,1.18554E-02
2.90000E-02,1.16517E-02
2.95000E-02,1.14548E-02
3.00000E-02,1.12646E-02
3.05000E-02,1.10805E-02
3.10000E-02,1.09024E-02
3.15000E-02,1.07298E-02
3.20000E-02,1.05627E-02
3.25000E-02,1.04007E-02
3.30000E-02,1.02436E-02
3.35000E-02,1.00912E-02
3.40000E-02,9.94320E-03
3.45000E-02,9.79951E-03
3.50000E-02,9.65992E-03
3.55000E-02,9.52425E-03
3.60000E-02,9.39233E-03
3.65000E-02,9.26402E-03
3.70000E-02,9.13917E-03
3.75000E-02,9.01764E-03
3.80000E-02,8.89930E-03
3.85000E-02,8.78402E-03
3.90000E-02,8.67169E-03
3.95000E-02,8.56220E-03
4.00000E-02,8.45544E-03
4.05000E-02,8.35131E-03
4.10000E-02,8.24971E-03
4.15000E-02,8.15056E-03
4.20000E-02,8.05376E-03
4.25000E-02,7.95923E-03
4.30000E-02,7.86690E-03
4.35000E-02,7.77668E-03
4.40000E-02,7.68851E-03
4.45000E-02,7.60231E-03
4.50000E-02,7.51803E-03
4.55000E-02,7.43560E-03
4.60000E-02,7.35495E-03
4.65000E-02,7.27603E-03
4.70000E-02,7.19879E-03
4.75000E-02,7.12318E-03
4.80000E-02,7.04913E-03
4.85000E-02,6.97661E-03
4.90000E-02,6.90556E-03
4.95000E-02,6.83595E-03
5.00000E-02,6.76773E-03
5.05000E-02,6.70085E-03
5.10000E-02,6.63529E-03
5.15000E-02,6.57099E-03
5.20000E-02,6.50793E-03
5.25000E-02,6.44607E-03
5.30000E-02,6.38537E-03
5.35000E-02,6.32581E-03
5.40000E-02,6.26734E-03
5.45000E-02,6.20995E-03
5.50000E-02,6.15360E-03
5.55000E-02,6.09826E-03
5.60000E-02,6.04391E-03
5.65000E-02,5.99052E-03
5.70000E-02,5.93806E-03
5.75000E-02,5.88651E-03
5.80000E-02,5.83586E-03
5.85000E-02,5.78606E-03
5.90000E-02,5.73711E-03
5.95000E-02,5.68898E-03
6.00000E-02,5.64165E-03
6.05000E-02,5.59510E-03
6.10000E-02,5.54932E-03
6.15000E-02,5.50427E-03
6.20000E-02,5.45995E-03
6.25000E-02,5.41635E-03
6.30000E-02,5.37343E-03
6.35000E-02,5.33118E-03
6.40000E-02,5.28960E-03
6.45000E-02,5.24866E-03
6.50000E-02,5.20834E-03
6.55000E-02,5.16865E-03
6.60000E-02,5.12955E-03
6.65000E-02,5.09104E-03
6.70000E-02,5.05310E-03
6.75000E-02,5.01573E-03
6.80000E-02,4.97890E-03
6.85000E-02,4.94261E-03
6.90000E-02,4.90685E-03
6.95000E-02,4.87160E-03
7.00000E-02,4.83685E-03
7.05000E-02,4.80259E-03
7.10000E-02,4.76882E-03
7.15000E-02,4.73552E-03
7.20000E-02,4.70268E-03
7.25000E-02,4.67029E-03
7.30000E-02,4.63835E-03
7.35000E-02,4.60684E-03
7.40000E-02,4.57575E-03
7.45000E-02,4.54508E-03
7.50000E-02,4.51482E-03
7.55000E-02,4.48496E-03
7.60000E-02,4.45550E-03
7.65000E-02,4.42641E-03
7.70000E-02,4.39771E-03
7.75000E-02,4.36937E-03
7.80000E-02,4.34140E-03
7.85000E-02,4.31378E-03
7.90000E-02,4.28651E-03
7.95000E-02,4.25959E-03
8.00000E-02,4.23300E-03
8.05000E-02,4.20674E-03
8.10000E-02,4.18080E-03
8.15000E-02,4.15519E-03
8.20000E-02,4.12988E-03
8.25000E-02,4.10488E-03
8.30000E-02,4.08018E-03
8.35000E-02,4.05578E-03
8.40000E-02,4.03167E-03
8.45000E-02,4.00784E-03
8.50000E-02,3.98429E-03
8.55000E-02,3.96102E-03
8.60000E-02,3.93802E-03
8.65000E-02,3.91528E-03
8.70000E-02,3.89280E-03
8.75000E-02,3.87058E-03
8.80000E-02,3.84862E-03
8.85000E-02,3.82690E-03
8.90000E-02,3.80542E-03
8.95000E-02,3.78419E-03
9.00000E-02,3.76319E-03
9.05000E-02,3.74242E-03
9.10000E-02,3.72188E-03
9.15000E-02,3.70156E-03
9.20000E-02,3.68147E-03
9.25000E-02,3.66159E-03
9.30000E-02,3.64192E-03
9.35000E-02,3.62247E-03
9.40000E-02,3.60322E-03
9.45000E-02,3.58418E-03
9.50000E-02,3.56533E-03
9.55000E-02,3.54669E-03
9.60000E-02,3.52823E-03
9.65000E-02,3.50997E-03
9.70000E-02,3.49190E-03
9.75000E-02,3.47401E-03
9.80000E-02,3.45630E-03
9.85000E-02,3.43877E-03
9.90000E-02,3.42142E-03
9.95000E-02,3.40425E-03
1.00000E-01,3.38724E-03
1.00500E-01,3.37041E-03
1.01000E-01,3.35374E-03
1.01500E-01,3.33724E-03
1.02000E-01,3.32089E-03
1.02500E-01,3.30471E-03
1.03000E-01,3.28868E-03
1.03500E-01,3.27281E-03
1.04000E-01,3.25709E-03
1.04500E-01,3.24152E-03
1.05000E-01,3.22610E-03
1.05500E-01,3.21083E-03
1.06000E-01,3.19569E-03
1.06500E-01,3.18071E-03
1.07000E-01,3.16586E-03
1.07500E-01,3.15114E-03
1.08000E-01,3.13657E-03
1.08500E-01,3.12213E-03
1.09000E-01,3.10782E-03
1.09500E-01,3.09364E-03
1.10000E-01,3.07959E-03
1.10500E-01,3.06567E-03
1.11000E-01,3.05187E-03
1.11500E-01,3.03820E-03
1.12000E-01,3.02465E-03
1.12500E-01,3.01122E-03
1.13000E-01,2.99791E-03
1.13500E-01,2.98471E-03
1.14000E-01,2.97163E-03
1.14500E-01,2.95867E-03
1.15000E-01,2.94581E-03
1.15500E-01,2.93307E-03
1.16000E-01,2.92044E-03
1.16500E-01,2.90792E-03
1.17000E-01,2.89550E-03
1.17500E-01,2.88319E-03
1.18000E-01,2.87098E-03
1.18500E-01,2.85888E-03
1.19000E-01,2.84688E-03
1.19500E-01,2.83498E-03
1.20000E-01,2.82317E-03
1.20500E-01,2.81147E-03
1.21000E-01,2.79986E-03
1.21500E-01,2.78835E-03
1.22000E-01,2.77693E-03
1.22500E-01,2.76561E-03
1.23000E-01,2.75437E-03
1.23500E-01,2.74323E-03
1.24000E-01,2.73218E-03
1.24500E-01,2.72121E-03
1.25000E-01,2.71034E-03
1.25500E-01,2.69955E-03
1.26000E-01,2.68884E-03
1.26500E-01,2.67822E-03
1.27000E-01,2.66769E-03
1.27500E-01,2.65724E-03
1.28000E-01,2.64686E-03
1.28500E-01,2.63657E-03
1.29000E-01,2.62636E-03
1.29500E-01,2.61623E-03
1.30000E-01,2.60617E-03
1.30500E-01,2.59620E-03
1.31000E-01,2.58629E-03
1.31500E-01,2.57647E-03
1.32000E-01,2.56672E-03
1.32500E-01,2.55704E-03
1.33000E-01,2.54743E-03
1.33500E-01,2.53790E-03
1.34000E-01,2.52844E-03
1.34500E-01,2.51904E-03
1.35000E-01,2.50972E-03
1.35500E-01,2.50047E-03
1.36000E-01,2.49128E-03
1.36500E-01,2.48216E-03
1.37000E-01,2.47311E-03
1.37500E-01,2.46412E-03
1.38000E-01,2.45520E-03
1.38500E-01,2.44634E-03
1.39000E-01,2.43755E-03
1.39500E-01,2.42882E-03
1.40000E-01,2.42015E-03
1.40500E-01,2.41154E-03
1.41000E-01,2.40300E-03
1.41500E-01,2.39451E-03
1.42000E-01,2.38609E-03
1.42500E-01,2.37772E-03
1.43000E-01,2.36941E-03
1.43500E-01,2.36116E-03
1.44000E-01,2.35297E-03
1.44500E-01,2.34484E-03
1.45000E-01,2.33676E-03
1.45500E-01,2.32873E-03
1.46000E-01,2.32076E-03
1.46500E-01,2.31285E-03
1.47000E-01,2.30498E-03
1.47500E-01,2.29718E-03
1.48000E-01,2.28942E-03
1.48500E-01,2.28172E-03
1.49000E-01,2.27407E-03
1.49500E-01,2.26647E-03
1.50000E-01,2.25892E-03
1.50500E-01,2.25142E-03
1.51000E-01,2.24397E-03
1.51500E-01,2.23656E-03
1.52000E-01,2.22921E-03
1.52500E-01,2.22191E-03
1.53000E-01,2.21465E-03
1.53500E-01,2.20744E-03
1.54000E-01,2.20028E-03
1.54500E-01,2.19316E-03
1.55000E-01,2.18609E-03
1.55500E-01,2.17907E-03
1.56000E-01,2.17209E-03
1.56500E-01,2.16515E-03
1.57000E-01,2.15826E-03
1.57500E-01,2.15142E-03
1.58000E-01,2.14461E-03
1.58500E-01,2.13785E-03
1.59000E-01,2.13113E-03
1.59500E-01,2.12446E-03
1.60000E-01,2.11782E-03
1.60500E-01,2.11123E-03
1.61000E-01,2.10468E-03
1.61500E-01,2.09816E-03
1.62000E-01,2.09169E-03
1.62500E-01,2.08526E-03
1.63000E-01,2.07887E-03
1.63500E-01,2.07251E-03
1.64000E-01,2.06620E-03
1.64500E-01,2.05992E-03
1.65000E-01,2.05368E-03
1.65500E-01,2.04748E-03
1.66000E-01,2.04132E-03
1.66500E-01,2.03519E-03
1.67000E-01,2.02910E-03
1.67500E-01,2.02305E-03
1.68000E-01,2.01703E-03
1.68500E-01,2.01105E-03
1.69000E-01,2.00510E-03
1.69500E-01,1.99919E-03
1.70000E-01,1.99332E-03
1.70500E-01,1.98747E-03
1.71000E-01,1.98167E-03
1.71500E-01,1.97589E-03
1.72000E-01,1.97015E-03
1.72500E-01,1.96444E-03
1.73000E-01,1.95877E-03
1.73500E-01,1.95313E-03
1.74000E-01,1.94752E-03
1.74500E-01,1.94194E-03
1.75000E-01,1.93640E-03
1.75500E-01,1.93088E-03
1.76000E-01,1.92540E-03
1.76500E-01,1.91995E-03
1.77000E-01,1.91453E-03
1.77500E-01,1.90914E-03
1.78000E-01,1.90378E-03
1.78500E-01,1.89845E-03
1.79000E-01,1.89315E-03
1.79500E-01,1.88788E-03
1.80000E-01,1.88264E-03
1.80500E-01,1.87743E-03
1.81000E-01,1.87224E-03
1.81500E-01,1.86709E-03
1.82000E-01,1.86196E-03
1.82500E-01,1.85686E-03
1.83000E-01,1.85179E-03
1.83500E-01,1.84675E-03
1.84000E-01,1.84173E-03
1.84500E-01,1.83675E-03
1.85000E-01,1.83178E-03
1.85500E-01,1.82685E-03
1.86000E-01,1.82194E-03
1.86500E-01,1.81706E-03
1.87000E-01,1.81220E-03
1.87500E-01,1.80737E-03
1.88000E-01,1.80257E-03
1.88500E-01,1.79779E-03
1.89000E-01,1.79304E-03
1.89500E-01,1.78831E-03
1.90000E-01,1.78360E-03
1.90500E-01,1.77893E-03
1.91000E-01,1.77427E-03
1.91500E-01,1.76964E-03
1.92000E-01,1.76503E-03
1.92500E-01,1.76045E-03
1.93000E-01,1.75589E-03
1.93500E-01,1.75136E-03
1.94000E-01,1.74685E-03
1.94500E-01,1.74236E-03
1.95000E-01,1.73789E-03
1.95500E-01,1.73345E-03
1.96000E-01,1.72903E-03
1.96500E-01,1.72463E-03
1.97000E-01,1.72026E-03
1.97500E-01,1.71591E-03
1.98000E-01,1.71158E-03
1.98500E-01,1.70727E-03
1.99000E-01,1.70298E-03
1.99500E-01,1.69871E-03
2.00000E-01,1.69447E-03
2.00500E-01,1.69025E-03
2.01000E-01,1.68604E-03
2.01500E-01,1.68186E-03
2.02000E-01,1.67770E-03
2.02500E-01,1.67356E-03
2.03000E-01,1.66944E-03
2.03500E-01,1.66534E-03
2.04000E-01,1.66126E-03
2.04500E-01,1.65720E-03
2.05000E-01,1.65316E-03
2.05500E-01,1.64914E-03
2.06000E-01,1.64514E-03
2.06500E-01,1.64116E-03
2.07000E-01,1.63720E-03
2.07500E-01,1.63325E-03
2.08000E-01,1.62933E-03
2.08500E-01,1.62542E-03
2.09000E-01,1.62154E-03
2.09500E-01,1.61767E-03
2.10000E-01,1.61382E-03
2.10500E-01,1.60999E-03
2.11000E-01,1.60617E-03
2.11500E-01,1.60238E-03
2.12000E-01,1.59860E-03
2.12500E-01,1.59484E-03
2.13000E-01,1.59110E-03
2.13500E-01,1.58737E-03
2.14000E-01,1.58367E-03
2.14500E-01,1.57998E-03
2.15000E-01,1.57630E-03
2.15500E-01,1.57265E-03
2.16000E-01,1.56901E-03
2.16500E-01,1.56539E-03
2.17000E-01,1.56178E-03
2.17500E-01,1.55819E-03
2.18000E-01,1.55462E-03
2.18500E-01,1.55107E-03
2.19000E-01,1.54753E-03
2.19500E-01,1.54400E-03
2.20000E-01,1.54050E-03
2.20500E-01,1.53700E-03
2.21000E-01,1.53353E-03
2.21500E-01,1.53007E-03
2.22000E-01,1.52662E-03
2.22500E-01,1.52319E-03
2.23000E-01,1.51978E-03
2.23500E-01,1.51638E-03
2.24000E-01,1.51300E-03
2.24500E-01,1.50963E-03
2.25000E-01,1.50628E-03
2.25500E-01,1.50294E-03
2.26000E-01,1.49962E-03
2.26500E-01,1.49631E-03
2.27000E-01,1.49301E-03
2.27500E-01,1.48973E-03
2.28000E-01,1.48647E-03
2.28500E-01,1.48322E-03
2.29000E-01,1.47998E-03
2.29500E-01,1.47676E-03
2.30000E-01,1.47355E-03
2.30500E-01,1.47035E-03
2.31000E-01,1.46717E-03
2.31500E-01,1.46400E-03
2.32000E-01,1.46085E-03
2.32500E-01,1.45771E-03
2.33000E-01,1.45458E-03
2.33500E-01,1.45147E-03
2.34000E-01,1.44837E-03
2.34500E-01,1.44528E-03
2.35000E-01,1.44221E-03
2.35500E-01,1.43915E-03
2.36000E-01,1.43610E-03
2.36500E-01,1.43307E-03
2.37000E-01,1.43004E-03
2.37500E-01,1.42703E-03
2.38000E-01,1.42404E-03
2.38500E-01,1.42105E-03
2.39000E-01,1.41808E-03
2.39500E-01,1.41512E-03
2.40000E-01,1.41217E-03
2.40500E-01,1.40924E-03
2.41000E-01,1.40632E-03
2.41500E-01,1.40341E-03
2.42000E-01,1.40051E-03
2.42500E-01,1.39762E-03
2.43000E-01,1.39475E-03
2.43500E-01,1.39189E-03
2.44000E-01,1.38903E-03
2.44500E-01,1.38619E-03
2.45000E-01,1.38337E-03
2.45500E-01,1.38055E-03
2.46000E-01,1.37775E-03
2.46500E-01,1.37495E-03
2.47000E-01,1.37217E-03
2.47500E-01,1.36940E-03
2.48000E-01,1.36664E-03
2.48500E-01,1.36389E-03
2.49000E-01,1.36115E-03
2.49500E-01,1.35843E-03
2.50000E-01,1.35571E-03
2.50500E-01,1.35301E-03
2.51000E-01,1.35031E-03
2.51500E-01,1.34763E-03
2.52000E-01,1.34496E-03
2.52500E-01,1.34229E-03
2.53000E-01,1.33964E-03
2.53500E-01,1.33700E-03
2.54000E-01,1.33437E-03
2.54500E-01,1.33175E-03
2.55000E-01,1.32914E-03
2.55500E-01,1.32654E-03
2.56000E-01,1.32395E-03
2.56500E-01,1.32137E-03
2.57000E-01,1.31880E-03
2.57500E-01,1.31624E-03
2.58000E-01,1.31369E-03
2.58500E-01,1.31115E-03
2.59000E-01,1.30862E-03
2.59500E-01,1.30610E-03
2.60000E-01,1.30359E-03
2.60500E-01,1.30109E-03
2.61000E-01,1.29860E-03
2.61500E-01,1.29611E-03
2.62000E-01,1.29364E-03
2.62500E-01,1.29118E-03
2.63000E-01,1.28872E-03
2.63500E-01,1.28628E-03
2.64000E-01,1.28384E-03
2.64500E-01,1.28142E-03
2.65000E-01,1.27900E-03
2.65500E-01,1.27659E-03
2.66000E-01,1.27419E-03
2.66500E-01,1.27180E-03
2.67000E-01,1.26942E-03
2.67500E-01,1.26705E-03
2.68000E-01,1.26469E-03
2.68500E-01,1.26234E-03
2.69000E-01,1.25999E-03
2.69500E-01,1.25765E-03
2.70000E-01,1.25532E-03
2.70500E-01,1.25301E-03
2.71000E-01,1.25069E-03
2.71500E-01,1.24839E-03
2.72000E-01,1.24610E-03
2.72500E-01,1.24381E-03
2.73000E-01,1.24153E-03
2.73500E-01,1.23927E-03
2.74000E-01,1.23701E-03
2.74500E-01,1.23475E-03
2.75000E-01,1.23251E-03
2.75500E-01,1.23027E-03
2.76000E-01,1.22804E-03
2.76500E-01,1.22583E-03
2.77000E-01,1.22361E-03
2.77500E-01,1.22141E-03
2.78000E-01,1.21921E-03
2.78500E-01,1.21703E-03
2.79000E-01,1.21484E-03
2.79500E-01,1.21267E-03
2.80000E-01,1.21051E-03
2.80500E-01,1.20835E-03
2.81000E-01,1.20620E-03
2.81500E-01,1.20406E-03
2.82000E-01,1.20193E-03
2.82500E-01,1.19980E-03
2.83000E-01,1.19768E-03
2.83500E-01,1.19557E-03
2.84000E-01,1.19346E-03
2.84500E-01,1.19137E-03
2.85000E-01,1.18928E-03
2.85500E-01,1.18720E-03
2.86000E-01,1.18512E-03
2.86500E-01,1.18305E-03
2.87000E-01,1.18099E-03
2.87500E-01,1.17894E-03
2.88000E-01,1.17689E-03
2.88500E-01,1.17486E-03
2.89000E-01,1.17282E-03
2.89500E-01,1.17080E-03
2.90000E-01,1.16878E-03
2.90500E-01,1.16677E-03
2.91000E-01,1.16477E-03
2.91500E-01,1.16277E-03
2.92000E-01,1.16078E-03
2.92500E-01,1.15879E-03
2.93000E-01,1.15682E-03
2.93500E-01,1.15485E-03
2.94000E-01,1.15288E-03
2.94500E-01,1.15093E-03
2.95000E-01,1.14898E-03
2.95500E-01,1.14703E-03
2.96000E-01,1.14510E-03
2.96500E-01,1.14317E-03
2.97000E-01,1.14124E-03
2.97500E-01,1.13933E-03
2.98000E-01,1.13741E-03
2.98500E-01,1.13551E-03
2.99000E-01,1.13361E-03
2.99500E-01,1.13172E-03
3.00000E-01,1.12983E-03
3.00500E-01,1.12795E-03
3.01000E-01,1.12608E-03
3.01500E-01,1.12421E-03
3.02000E-01,1.12235E-03
3.02500E-01,1.12050E-03
3.03000E-01,1.11865E-03
3.03500E-01,1.11681E-03
3.04000E-01,1.11497E-03
3.04500E-01,1.11314E-03
3.05000E-01,1.11132E-03
3.05500E-01,1.10950E-03
3.06000E-01,1.10769E-03
3.06500E-01,1.10588E-03
3.07000E-01,1.10408E-03
3.07500E-01,1.10229E-03
3.08000E-01,1.10050E-03
3.08500E-01,1.09871E-03
3.09000E-01,1.09694E-03
3.09500E-01,1.09517E-03
3.10000E-01,1.09340E-03
3.10500E-01,1.09164E-03
3.11000E-01,1.08988E-03
3.11500E-01,1.08814E-03
3.12000E-01,1.08639E-03
3.12500E-01,1.08466E-03
3.13000E-01,1.08292E-03
3.13500E-01,1.08120E-03
3.14000E-01,1.07948E-03
3.14500E-01,1.07776E-03
3.15000E-01,1.07605E-03
3.15500E-01,1.07434E-03
3.16000E-01,1.07265E-03
3.16500E-01,1.07095E-03
3.17000E-01,1.06926E-03
3.17500E-01,1.06758E-03
3.18000E-01,1.06590E-03
3.18500E-01,1.06423E-03
3.19000E-01,1.06256E-03
3.19500E-01,1.06090E-03
3.20000E-01,1.05924E-03
3.20500E-01,1.05759E-03
3.21000E-01,1.05594E-03
3.21500E-01,1.05430E-03
3.22000E-01,1.05266E-03
3.22500E-01,1.05103E-03
3.23000E-01,1.04941E-03
3.23500E-01,1.04778E-03
3.24000E-01,1.04617E-03
3.24500E-01,1.04456E-03
3.25000E-01,1.04295E-03
3.25500E-01,1.04135E-03
3.26000E-01,1.03975E-03
3.26500E-01,1.03816E-03
3.27000E-01,1.03657E-03
3.27500E-01,1.03499E-03
3.28000E-01,1.03341E-03
3.28500E-01,1.03184E-03
3.29000E-01,1.03027E-03
3.29500E-01,1.02871E-03
3.30000E-01,1.02715E-03
3.30500E-01,1.02560E-03
3.31000E-01,1.02405E-03
3.31500E-01,1.02251E-03
3.32000E-01,1.02097E-03
3.32500E-01,1.01943E-03
3.33000E-01,1.01790E-03
3.33500E-01,1.01638E-03
3.34000E-01,1.01486E-03
3.34500E-01,1.01334E-03
3.35000E-01,1.01183E-03
3.35500E-01,1.01032E-03
3.36000E-01,1.00882E-03
3.36500E-01,1.00732E-03
3.37000E-01,1.00582E-03
3.37500E-01,1.00433E-03
3.38000E-01,1.00285E-03
3.38500E-01,1.00137E-03
3.39000E-01,9.99891E-04
3.39500E-01,9.98419E-04
3.40000E-01,9.96951E-04
3.40500E-01,9.95488E-04
3.41000E-01,9.94029E-04
3.41500E-01,9.92574E-04
3.42000E-01,9.91123E-04
3.42500E-01,9.89677E-04
3.43000E-01,9.88234E-04
3.43500E-01,9.86796E-04
3.44000E-01,9.85362E-04
3.44500E-01,9.83933E-04
3.45000E-01,9.82507E-04
3.45500E-01,9.81086E-04
3.46000E-01,9.79668E-04
3.46500E-01,9.78255E-04
3.47000E-01,9.76846E-04
3.47500E-01,9.75441E-04
3.48000E-01,9.74040E-04
3.48500E-01,9.72643E-04
3.49000E-01,9.71249E-04
3.49500E-01,9.69860E-04
3.50000E-01,9.68475E-04
3.50500E-01,9.67094E-04
3.51000E-01,9.65717E-04
3.51500E-01,9.64344E-04
3.52000E-01,9.62974E-04
3.52500E-01,9.61609E-04
3.53000E-01,9.60247E-04
3.53500E-01,9.58889E-04
3.54000E-01,9.57535E-04
3.54500E-01,9.56185E-04
3.55000E-01,9.54839E-04
3.55500E-01,9.53496E-04
3.56000E-01,9.52157E-04
3.56500E-01,9.50822E-04
3.57000E-01,9.49491E-04
3.57500E-01,9.48163E-04
3.58000E-01,9.46839E-04
3.58500E-01,9.45519E-04
3.59000E-01,9.44203E-04
3.59500E-01,9.42890E-04
3.60000E-01,9.41581E-04
3.60500E-01,9.40275E-04
3.61000E-01,9.38973E-04
3.61500E-01,9.37675E-04
3.62000E-01,9.36380E-04
3.62500E-01,9.35089E-04
3.63000E-01,9.33801E-04
3.63500E-01,9.32517E-04
3.64000E-01,9.31236E-04
3.64500E-01,9.29959E-04
3.65000E-01,9.28686E-04
3.65500E-01,9.27416E-04
3.66000E-01,9.26149E-04
3.66500E-01,9.24886E-04
3.67000E-01,9.23626E-04
3.67500E-01,9.22370E-04
3.68000E-01,9.21117E-04
3.68500E-01,9.19868E-04
3.69000E-01,9.18622E-04
3.69500E-01,9.17379E-04
3.70000E-01,9.16139E-04
3.70500E-01,9.14903E-04
3.71000E-01,9.13671E-04
3.71500E-01,9.12441E-04
3.72000E-01,9.11215E-04
3.72500E-01,9.09992E-04
3.73000E-01,9.08773E-04
3.73500E-01,9.07557E-04
3.74000E-01,9.06344E-04
3.74500E-01,9.05134E-04
3.75000E-01,9.03927E-04
3.75500E-01,9.02724E-04
3.76000E-01,9.01524E-04
3.76500E-01,9.00327E-04
3.77000E-01,8.99133E-04
3.77500E-01,8.97943E-04
3.78000E-01,8.96755E-04
3.78500E-01,8.95571E-04
3.79000E-01,8.94390E-04
3.79500E-01,8.93212E-04
3.80000E-01,8.92037E-04
3.80500E-01,8.90865E-04
3.81000E-01,8.89696E-04
3.81500E-01,8.88530E-04
3.82000E-01,8.87368E-04
3.82500E-01,8.86208E-04
3.83000E-01,8.85051E-04
3.83500E-01,8.83898E-04
3.84000E-01,8.82747E-04
3.84500E-01,8.81600E-04
3.85000E-01,8.80455E-04
3.85500E-01,8.79313E-04
3.86000E-01,8.78175E-04
3.86500E-01,8.77039E-04
3.87000E-01,8.75906E-04
3.87500E-01,8.74776E-04
3.88000E-01,8.73649E-04
3.88500E-01,8.72525E-04
3.89000E-01,8.71404E-04
3.89500E-01,8.70285E-04
3.90000E-01,8.69170E-04
3.90500E-01,8.68057E-04
3.91000E-01,8.66948E-04
3.91500E-01,8.65841E-04
3.92000E-01,8.64737E-04
3.92500E-01,8.63635E-04
3.93000E-01,8.62537E-04
3.93500E-01,8.61441E-04
3.94000E-01,8.60348E-04
3.94500E-01,8.59258E-04
3.95000E-01,8.58171E-04
3.95500E-01,8.57086E-04
3.96000E-01,8.56004E-04
3.96500E-01,8.54925E-04
3.97000E-01,8.53848E-04
3.97500E-01,8.52775E-04
3.98000E-01,8.51704E-04
3.98500E-01,8.50635E-04
3.99000E-01,8.49570E-04
3.99500E-01,8.48507E-04
4.00000E-01,8.47446E-04
4.00500E-01,8.46388E-04
4.01000E-01,8.45333E-04
4.01500E-01,8.44281E-04
4.02000E-01,8.43231E-04
4.02500E-01,8.42184E-04
4.03000E-01,8.41139E-04
4.03500E-01,8.40097E-04
4.04000E-01,8.39058E-04
4.04500E-01,8.38021E-04
4.05000E-01,8.36986E-04
4.05500E-01,8.35955E-04
4.06000E-01,8.34925E-04
4.06500E-01,8.33899E-04
4.07000E-01,8.32874E-04
4.07500E-01,8.31853E-04
4.08000E-01,8.30834E-04
4.08500E-01,8.29817E-04
4.09000E-01,8.28803E-04
4.09500E-01,8.27791E-04
4.10000E-01,8.26782E-04
4.10500E-01,8.25775E-04
4.11000E-01,8.24771E-04
4.11500E-01,8.23769E-04
4.12000E-01,8.22769E-04
4.12500E-01,8.21772E-04
4.13000E-01,8.20778E-04
4.13500E-01,8.19785E-04
4.14000E-01,8.18795E-04
4.14500E-01,8.17808E-04
4.15000E-01,8.16823E-04
4.15500E-01,8.15840E-04
4.16000E-01,8.14860E-04
4.16500E-01,8.13882E-04
4.17000E-01,8.12906E-04
4.17500E-01,8.11933E-04
4.18000E-01,8.10962E-04
4.18500E-01,8.09993E-04
4.19000E-01,8.09027E-04
4.19500E-01,8.08063E-04
4.20000E-01,8.07101E-04
4.20500E-01,8.06142E-04
4.21000E-01,8.05185E-04
4.21500E-01,8.04230E-04
4.22000E-01,8.03277E-04
4.22500E-01,8.02327E-04
4.23000E-01,8.01378E-04
4.23500E-01,8.00432E-04
4.24000E-01,7.99489E-04
4.24500E-01,7.98547E-04
4.25000E-01,7.97608E-04
4.25500E-01,7.96671E-04
4.26000E-01,7.95736E-04
4.26500E-01,7.94804E-04
4.27000E-01,7.93873E-04
4.27500E-01,7.92945E-04
4.28000E-01,7.92019E-04
4.28500E-01,7.91095E-04
4.29000E-01,7.90173E-04
4.29500E-01,7.89253E-04
4.30000E-01,7.88336E-04
4.30500E-01,7.87420E-04
4.31000E-01,7.86507E-04
4.31500E-01,7.85596E-04
4.32000E-01,7.84687E-04
4.32500E-01,7.83780E-04
4.33000E-01,7.82875E-04
4.33500E-01,7.81972E-04
4.34000E-01,7.81072E-04
4.34500E-01,7.80173E-04
4.35000E-01,7.79276E-04
4.35500E-01,7.78382E-04
4.36000E-01,7.77490E-04
4.36500E-01,7.76599E-04
4.37000E-01,7.75711E-04
4.37500E-01,7.74824E-04
4.38000E-01,7.73940E-04
4.38500E-01,7.73058E-04
4.39000E-01,7.72178E-04
4.39500E-01,7.71299E-04
4.40000E-01,7.70423E-04
4.40500E-01,7.69549E-04
4.41000E-01,7.68676E-04
4.41500E-01,7.67806E-04
4.42000E-01,7.66938E-04
4.42500E-01,7.66071E-04
4.43000E-01,7.65207E-04
4.43500E-01,7.64344E-04
4.44000E-01,7.63484E-04
4.44500E-01,7.62625E-04
4.45000E-01,7.61769E-04
4.45500E-01,7.60914E-04
4.46000E-01,7.60061E-04
4.46500E-01,7.59210E-04
4.47000E-01,7.58361E-04
4.47500E-01,7.57514E-04
4.48000E-01,7.56669E-04
4.48500E-01,7.55825E-04
4.49000E-01,7.54984E-04
4.49500E-01,7.54144E-04
4.50000E-01,7.53306E-04
4.50500E-01,7.52470E-04
4.51000E-01,7.51636E-04
4.51500E-01,7.50804E-04
4.52000E-01,7.49974E-04
4.52500E-01,7.49145E-04
4.53000E-01,7.48319E-04
4.53500E-01,7.47494E-04
4.54000E-01,7.46671E-04
4.54500E-01,7.45850E-04
4.55000E-01,7.45030E-04
4.55500E-01,7.44212E-04
4.56000E-01,7.43397E-04
4.56500E-01,7.42583E-04
4.57000E-01,7.41770E-04
4.57500E-01,7.40960E-04
4.58000E-01,7.40151E-04
4.58500E-01,7.39344E-04
4.59000E-01,7.38539E-04
4.59500E-01,7.37735E-04
4.60000E-01,7.36934E-04
4.60500E-01,7.36134E-04
4.61000E-01,7.35336E-04
4.61500E-01,7.34539E-04
4.62000E-01,7.33744E-04
4.62500E-01,7.32951E-04
4.63000E-01,7.32160E-04
4.63500E-01,7.31370E-04
4.64000E-01,7.30582E-04
4.64500E-01,7.29796E-04
4.65000E-01,7.29011E-04
4.65500E-01,7.28229E-04
4.66000E-01,7.27447E-04
4.66500E-01,7.26668E-04
4.67000E-01,7.25890E-04
4.67500E-01,7.25114E-04
4.68000E-01,7.24339E-04
4.68500E-01,7.23566E-04
4.69000E-01,7.22795E-04
4.69500E-01,7.22026E-04
4.70000E-01,7.21258E-04
4.70500E-01,7.20491E-04
4.71000E-01,7.19727E-04
4.71500E-01,7.18964E-04
4.72000E-01,7.18202E-04
4.72500E-01,7.17442E-04
4.73000E-01,7.16684E-04
4.73500E-01,7.15927E-04
4.74000E-01,7.15172E-04
4.74500E-01,7.14419E-04
4.75000E-01,7.13667E-04
4.75500E-01,7.12917E-04
4.76000E-01,7.12168E-04
4.76500E-01,7.11421E-04
4.77000E-01,7.10675E-04
4.77500E-01,7.09931E-04
4.78000E-01,7.09189E-04
4.78500E-01,7.08448E-04
4.79000E-01,7.07709E-04
4.79500E-01,7.06971E-04
4.80000E-01,7.06235E-04
4.80500E-01,7.05500E-04
4.81000E-01,7.04767E-04
4.81500E-01,7.04035E-04
4.82000E-01,7.03305E-04
4.82500E-01,7.02576E-04
4.83000E-01,7.01849E-04
4.83500E-01,7.01123E-04
4.84000E-01,7.00399E-04
4.84500E-01,6.99676E-04
4.85000E-01,6.98955E-04
4.85500E-01,6.98236E-04
4.86000E-01,6.97517E-04
4.86500E-01,6.96801E-04
4.87000E-01,6.96085E-04
4.87500E-01,6.95372E-04
4.88000E-01,6.94659E-04
4.88500E-01,6.93948E-04
4.89000E-01,6.93239E-04
4.89500E-01,6.92531E-04
4.90000E-01,6.91825E-04
4.90500E-01,6.91119E-04
4.91000E-01,6.90416E-04
4.91500E-01,6.89714E-04
4.92000E-01,6.89013E-04
4.92500E-01,6.88313E-04
4.93000E-01,6.87615E-04
4.93500E-01,6.86919E-04
4.94000E-01,6.86224E-04
4.94500E-01,6.85530E-04
4.95000E-01,6.84838E-04
4.95500E-01,6.84147E-04
4.96000E-01,6.83457E-04
4.96500E-01,6.82769E-04
4.97000E-01,6.82082E-04
4.97500E-01,6.81397E-04
4.98000E-01,6.80713E-04
4.98500E-01,6.80030E-04
4.99000E-01,6.79349E-04
4.99500E-01,6.78669E-04
5.00000E-01,6.77991E-04
5.00500E-01,6.77314E-04
5.01000E-01,6.76638E-04
5.01500E-01,6.75963E-04
5.02000E-01,6.75290E-04
5.02500E-01,6.74618E-04
5.03000E-01,6.73948E-04
5.03500E-01,6.73279E-04
5.04000E-01,6.72611E-04
5.04500E-01,6.71945E-04
5.05000E-01,6.71279E-04
5.05500E-01,6.70616E-04
5.06000E-01,6.69953E-04
5.06500E-01,6.69292E-04
5.07000E-01,6.68632E-04
5.07500E-01,6.67973E-04
5.08000E-01,6.67316E-04
5.08500E-01,6.66660E-04
5.09000E-01,6.66005E-04
5.09500E-01,6.65352E-04
5.10000E-01,6.64699E-04
5.10500E-01,6.64049E-04
5.11000E-01,6.63399E-04
5.11500E-01,6.62751E-04
5.12000E-01,6.62103E-04
5.12500E-01,6.61458E-04
5.13000E-01,6.60813E-04
5.13500E-01,6.60170E-04
5.14000E-01,6.59528E-04
5.14500E-01,6.58887E-04
5.15000E-01,6.58247E-04
5.15500E-01,6.57609E-04
5.16000E-01,6.56972E-04
5.16500E-01,6.56336E-04
5.17000E-01,6.55701E-04
5.17500E-01,6.55068E-04
5.18000E-01,6.54436E-04
5.18500E-01,6.53805E-04
5.19000E-01,6.53175E-04
5.19500E-01,6.52547E-04
5.20000E-01,6.51919E-04
5.20500E-01,6.51293E-04
5.21000E-01,6.50668E-04
5.21500E-01,6.50044E-04
5.22000E-01,6.49422E-04
5.22500E-01,6.48801E-04
5.23000E-01,6.48180E-04
5.23500E-01,6.47561E-04
5.24000E-01,6.46944E-04
5.24500E-01,6.46327E-04
5.25000E-01,6.45712E-04
5.25500E-01,6.45097E-04
5.26000E-01,6.44484E-04
5.26500E-01,6.43872E-04
5.27000E-01,6.43262E-04
5.27500E-01,6.42652E-04
5.28000E-01,6.42044E-04
5.28500E-01,6.41436E-04
5.29000E-01,6.40830E-04
5.29500E-01,6.40225E-04
5.30000E-01,6.39621E-04
5.30500E-01,6.39018E-04
5.31000E-01,6.38417E-04
5.31500E-01,6.37816E-04
5.32000E-01,6.37217E-04
5.32500E-01,6.36619E-04
5.33000E-01,6.36022E-04
5.33500E-01,6.35426E-04
5.34000E-01,6.34831E-04
5.34500E-01,6.34237E-04
5.35000E-01,6.33645E-04
5.35500E-01,6.33053E-04
5.36000E-01,6.32463E-04
5.36500E-01,6.31873E-04
5.37000E-01,6.31285E-04
5.37500E-01,6.30698E-04
5.38000E-01,6.30112E-04
5.38500E-01,6.29527E-04
5.39000E-01,6.28943E-04
5.39500E-01,6.28360E-04
5.40000E-01,6.27779E-04
5.40500E-01,6.27198E-04
5.41000E-01,6.26618E-04
5.41500E-01,6.26040E-04
5.42000E-01,6.25462E-04
5.42500E-01,6.24886E-04
5.43000E-01,6.24311E-04
5.43500E-01,6.23737E-04
5.44000E-01,6.23163E-04
5.44500E-01,6.22591E-04
5.45000E-01,6.22020E-04
5.45500E-01,6.21450E-04
5.46000E-01,6.20881E-04
5.46500E-01,6.20313E-04
5.47000E-01,6.19746E-04
5.47500E-01,6.19180E-04
5.48000E-01,6.18616E-04
5.48500E-01,6.18052E-04
5.49000E-01,6.17489E-04
5.49500E-01,6.16927E-04
5.50000E-01,6.16366E-04
5.50500E-01,6.15807E-04
5.51000E-01,6.15248E-04
5.51500E-01,6.14690E-04
5.52000E-01,6.14134E-04
5.52500E-01,6.13578E-04
5.53000E-01,6.13023E-04
5.53500E-01,6.12470E-04
5.54000E-01,6.11917E-04
5.54500E-01,6.11365E-04
5.55000E-01,6.10815E-04
5.55500E-01,6.10265E-04
5.56000E-01,6.09716E-04
5.56500E-01,6.09169E-04
5.57000E-01,6.08622E-04
5.57500E-01,6.08076E-04
5.58000E-01,6.07531E-04
5.58500E-01,6.06987E-04
5.59000E-01,6.06445E-04
5.59500E-01,6.05903E-04
5.60000E-01,6.05362E-04
5.60500E-01,6.04822E-04
5.61000E-01,6.04283E-04
5.61500E-01,6.03745E-04
5.62000E-01,6.03208E-04
5.62500E-01,6.02672E-04
5.63000E-01,6.02137E-04
5.63500E-01,6.01603E-04
5.64000E-01,6.01069E-04
5.64500E-01,6.00537E-04
5.65000E-01,6.00006E-04
5.65500E-01,5.99475E-04
5.66000E-01,5.98946E-04
5.66500E-01,5.98417E-04
5.67000E-01,5.97890E-04
5.67500E-01,5.97363E-04
5.68000E-01,5.96837E-04
5.68500E-01,5.96312E-04
5.69000E-01,5.95788E-04
5.69500E-01,5.95265E-04
5.70000E-01,5.94743E-04
5.70500E-01,5.94222E-04
5.71000E-01,5.93702E-04
5.71500E-01,5.93183E-04
5.72000E-01,5.92664E-04
5.72500E-01,5.92147E-04
5.73000E-01,5.91630E-04
5.73500E-01,5.91114E-04
5.74000E-01,5.90600E-04
5.74500E-01,5.90086E-04
5.75000E-01,5.89573E-04
5.75500E-01,5.89060E-04
5.76000E-01,5.88549E-04
5.76500E-01,5.88039E-04
5.77000E-01,5.87529E-04
5.77500E-01,5.87021E-04
5.78000E-01,5.86513E-04
5.78500E-01,5.86006E-04
5.79000E-01,5.85500E-04
5.79500E-01,5.84995E-04
5.80000E-01,5.84491E-04
5.80500E-01,5.83988E-04
5.81000E-01,5.83485E-04
5.81500E-01,5.82983E-04
5.82000E-01,5.82483E-04
5.82500E-01,5.81983E-04
5.83000E-01,5.81484E-04
5.83500E-01,5.80986E-04
5.84000E-01,5.80488E-04
5.84500E-01,5.79992E-04
5.85000E-01,5.79496E-04
5.85500E-01,5.79001E-04
5.86000E-01,5.78507E-04
5.86500E-01,5.78014E-04
5.87000E-01,5.77522E-04
5.87500E-01,5.77031E-04
5.88000E-01,5.76540E-04
5.88500E-01,5.76050E-04
5.89000E-01,5.75561E-04
5.89500E-01,5.75073E-04
5.90000E-01,5.74586E-04
5.90500E-01,5.74100E-04
5.91000E-01,5.73614E-04
5.91500E-01,5.73129E-04
5.92000E-01,5.72645E-04
5.92500E-01,5.72162E-04
5.93000E-01,5.71680E-04
5.93500E-01,5.71198E-04
5.94000E-01,5.70717E-04
5.94500E-01,5.70237E-04
5.95000E-01,5.69758E-04
5.95500E-01,5.69280E-04
5.96000E-01,5.68803E-04
5.96500E-01,5.68326E-04
5.97000E-01,5.67850E-04
5.97500E-01,5.67375E-04
5.98000E-01,5.66901E-04
5.98500E-01,5.66427E-04
5.99000E-01,5.65954E-04
5.99500E-01,5.65482E-04
6.00000E-01,5.65011E-04
6.00500E-01,5.64541E-04
6.01000E-01,5.64071E-04
6.01500E-01,5.63602E-04
6.02000E-01,5.63134E-04
6.02500E-01,5.62667E-04
6.03000E-01,5.62201E-04
6.03500E-01,5.61735E-04
6.04000E-01,5.61270E-04
6.04500E-01,5.60806E-04
6.05000E-01,5.60342E-04
6.05500E-01,5.59880E-04
6.06000E-01,5.59418E-04
6.06500E-01,5.58957E-04
6.07000E-01,5.58496E-04
6.07500E-01,5.58037E-04
6.08000E-01,5.57578E-04
6.08500E-01,5.57120E-04
6.09000E-01,5.56663E-04
6.09500E-01,5.56206E-04
6.10000E-01,5.55750E-04
6.10500E-01,5.55295E-04
6.11000E-01,5.54841E-04
6.11500E-01,5.54387E-04
6.12000E-01,5.53934E-04
6.12500E-01,5.53482E-04
6.13000E-01,5.53031E-04
6.13500E-01,5.52580E-04
6.14000E-01,5.52130E-04
6.14500E-01,5.51681E-04
6.15000E-01,5.51233E-04
6.15500E-01,5.50785E-04
6.16000E-01,5.50338E-04
6.16500E-01,5.49892E-04
6.17000E-01,5.49446E-04
6.17500E-01,5.49001E-04
6.18000E-01,5.48557E-04
6.18500E-01,5.48114E-04
6.19000E-01,5.47671E-04
6.19500E-01,5.47229E-04
6.20000E-01,5.46788E-04
6.20500E-01,5.46347E-04
6.21000E-01,5.45908E-04
6.21500E-01,5.45468E-04
6.22000E-01,5.45030E-04
6.22500E-01,5.44592E-04
6.23000E-01,5.44155E-04
6.23500E-01,5.43719E-04
6.24000E-01,5.43283E-04
6.24500E-01,5.42849E-04
6.25000E-01,5.42414E-04
6.25500E-01,5.41981E-04
6.26000E-01,5.41548E-04
6.26500E-01,5.41116E-04
6.27000E-01,5.40684E-04
6.27500E-01,5.40254E-04
6.28000E-01,5.39824E-04
6.28500E-01,5.39394E-04
6.29000E-01,5.38966E-04
6.29500E-01,5.38537E-04
6.30000E-01,5.38110E-04
6.30500E-01,5.37683E-04
6.31000E-01,5.37257E-04
6.31500E-01,5.36832E-04
6.32000E-01,5.36408E-04
6.32500E-01,5.35984E-04
6.33000E-01,5.35560E-04
6.33500E-01,5.35138E-04
6.34000E-01,5.34716E-04
6.34500E-01,5.34294E-04
6.35000E-01,5.33874E-04
6.35500E-01,5.33454E-04
6.36000E-01,5.33034E-04
6.36500E-01,5.32616E-04
6.37000E-01,5.32198E-04
6.37500E-01,5.31780E-04
6.38000E-01,5.31364E-04
6.38500E-01,5.30948E-04
6.39000E-01,5.30532E-04
6.39500E-01,5.30118E-04
6.40000E-01,5.29703E-04
6.40500E-01,5.29290E-04
6.41000E-01,5.28877E-04
6.41500E-01,5.28465E-04
6.42000E-01,5.28054E-04
6.42500E-01,5.27643E-04
6.43000E-01,5.27232E-04
6.43500E-01,5.26823E-04
6.44000E-01,5.26414E-04
6.44500E-01,5.26006E-04
6.45000E-01,5.25598E-04
6.45500E-01,5.25191E-04
6.46000E-01,5.24784E-04
6.46500E-01,5.24379E-04
6.47000E-01,5.23973E-04
6.47500E-01,5.23569E-04
6.48000E-01,5.23165E-04
6.48500E-01,5.22762E-04
6.49000E-01,5.22359E-04
6.49500E-01,5.21957E-04
6.50000E-01,5.21555E-04
6.50500E-01,5.21155E-04
6.51000E-01,5.20754E-04
6.51500E-01,5.20355E-04
6.52000E-01,5.19956E-04
6.52500E-01,5.19557E-04
6.53000E-01,5.19160E-04
6.53500E-01,5.18763E-04
6.54000E-01,5.18366E-04
6.54500E-01,5.17970E-04
6.55000E-01,5.17575E-04
6.55500E-01,5.17180E-04
6.56000E-01,5.16786E-04
6.56500E-01,5.16392E-04
6.57000E-01,5.15999E-04
6.57500E-01,5.15607E-04
6.58000E-01,5.15215E-04
6.58500E-01,5.14824E-04
6.59000E-01,5.14434E-04
6.59500E-01,5.14044E-04
6.60000E-01,5.13654E-04
6.60500E-01,5.13266E-04
6.61000E-01,5.12877E-04
6.61500E-01,5.12490E-04
6.62000E-01,5.12103E-04
6.62500E-01,5.11716E-04
6.63000E-01,5.11330E-04
6.63500E-01,5.10945E-04
6.64000E-01,5.10560E-04
6.64500E-01,5.10176E-04
6.65000E-01,5.09793E-04
6.65500E-01,5.09410E-04
6.66000E-01,5.09027E-04
6.66500E-01,5.08646E-04
6.67000E-01,5.08264E-04
6.67500E-01,5.07884E-04
6.68000E-01,5.07504E-04
6.68500E-01,5.07124E-04
6.69000E-01,5.06745E-04
6.69500E-01,5.06367E-04
6.70000E-01,5.05989E-04
6.70500E-01,5.05612E-04
6.71000E-01,5.05235E-04
6.71500E-01,5.04859E-04
6.72000E-01,5.04483E-04
6.72500E-01,5.04108E-04
6.73000E-01,5.03734E-04
6.73500E-01,5.03360E-04
6.74000E-01,5.02987E-04
6.74500E-01,5.02614E-04
6.75000E-01,5.02241E-04
6.75500E-01,5.01870E-04
6.76000E-01,5.01499E-04
6.76500E-01,5.01128E-04
6.77000E-01,5.00758E-04
6.77500E-01,5.00388E-04
6.78000E-01,5.00019E-04
6.78500E-01,4.99651E-04
6.79000E-01,4.99283E-04
6.79500E-01,4.98916E-04
6.80000E-01,4.98549E-04
6.80500E-01,4.98183E-04
6.81000E-01,4.97817E-04
6.81500E-01,4.97452E-04
6.82000E-01,4.97087E-04
6.82500E-01,4.96723E-04
6.83000E-01,4.96360E-04
6.83500E-01,4.95996E-04
6.84000E-01,4.95634E-04
6.84500E-01,4.95272E-04
6.85000E-01,4.94911E-04
6.85500E-01,4.94550E-04
6.86000E-01,4.94189E-04
6.86500E-01,4.93829E-04
6.87000E-01,4.93470E-04
6.87500E-01,4.93111E-04
6.88000E-01,4.92753E-04
6.88500E-01,4.92395E-04
6.89000E-01,4.92038E-04
6.89500E-01,4.91681E-04
6.90000E-01,4.91325E-04
6.90500E-01,4.90969E-04
6.91000E-01,4.90614E-04
6.91500E-01,4.90259E-04
6.92000E-01,4.89905E-04
6.92500E-01,4.89551E-04
6.93000E-01,4.89198E-04
6.93500E-01,4.88845E-04
6.94000E-01,4.88493E-04
6.94500E-01,4.88142E-04
6.95000E-01,4.87791E-04
6.95500E-01,4.87440E-04
6.96000E-01,4.87090E-04
6.96500E-01,4.86740E-04
6.97000E-01,4.86391E-04
6.97500E-01,4.86042E-04
6.98000E-01,4.85694E-04
6.98500E-01,4.85347E-04
6.99000E-01,4.85000E-04
6.99500E-01,4.84653E-04
7.00000E-01,4.84307E-04
7.00500E-01,4.83961E-04
7.01000E-01,4.83616E-04
7.01500E-01,4.83271E-04
7.02000E-01,4.82927E-04
7.02500E-01,4.82584E-04
7.03000E-01,4.82240E-04
7.03500E-01,4.81898E-04
7.04000E-01,4.81555E-04
7.04500E-01,4.81214E-04
7.05000E-01,4.80872E-04
7.05500E-01,4.80532E-04
7.06000E-01,4.80191E-04
7.06500E-01,4.79852E-04
7.07000E-01,4.79512E-04
7.07500E-01,4.79174E-04
7.08000E-01,4.78835E-04
7.08500E-01,4.78497E-04
7.09000E-01,4.78160E-04
7.09500E-01,4.77823E-04
7.10000E-01,4.77487E-04
7.10500E-01,4.77151E-04
7.11000E-01,4.76815E-04
7.11500E-01,4.76480E-04
7.12000E-01,4.76145E-04
7.12500E-01,4.75811E-04
7.13000E-01,4.75478E-04
7.13500E-01,4.75145E-04
7.14000E-01,4.74812E-04
7.14500E-01,4.74480E-04
7.15000E-01,4.74148E-04
7.15500E-01,4.73817E-04
7.16000E-01,4.73486E-04
7.16500E-01,4.73155E-04
7.17000E-01,4.72826E-04
7.17500E-01,4.72496E-04
7.18000E-01,4.72167E-04
7.18500E-01,4.71839E-04
7.19000E-01,4.71510E-04
7.19500E-01,4.71183E-04
7.20000E-01,4.70856E-04
7.20500E-01,4.70529E-04
7.21000E-01,4.70203E-04
7.21500E-01,4.69877E-04
7.22000E-01,4.69552E-04
7.22500E-01,4.69227E-04
7.23000E-01,4.68902E-04
7.23500E-01,4.68578E-04
7.24000E-01,4.68255E-04
7.24500E-01,4.67932E-04
7.25000E-01,4.67609E-04
7.25500E-01,4.67287E-04
7.26000E-01,4.66965E-04
7.26500E-01,4.66644E-04
7.27000E-01,4.66323E-04
7.27500E-01,4.66002E-04
7.28000E-01,4.65682E-04
7.28500E-01,4.65363E-04
7.29000E-01,4.65043E-04
7.29500E-01,4.64725E-04
7.30000E-01,4.64407E-04
7.30500E-01,4.64089E-04
7.31000E-01,4.63771E-04
7.31500E-01,4.63454E-04
7.32000E-01,4.63138E-04
7.32500E-01,4.62822E-04
7.33000E-01,4.62506E-04
7.33500E-01,4.62191E-04
7.34000E-01,4.61876E-04
7.34500E-01,4.61562E-04
7.35000E-01,4.61248E-04
7.35500E-01,4.60934E-04
7.36000E-01,4.60621E-04
7.36500E-01,4.60308E-04
7.37000E-01,4.59996E-04
7.37500E-01,4.59684E-04
7.38000E-01,4.59373E-04
7.38500E-01,4.59062E-04
7.39000E-01,4.58751E-04
7.39500E-01,4.58441E-04
7.40000E-01,4.58132E-04
7.40500E-01,4.57822E-04
7.41000E-01,4.57513E-04
7.41500E-01,4.57205E-04
7.42000E-01,4.56897E-04
7.42500E-01,4.56589E-04
7.43000E-01,4.56282E-04
7.43500E-01,4.55975E-04
7.44000E-01,4.55669E-04
7.44500E-01,4.55363E-04
7.45000E-01,4.55057E-04
7.45500E-01,4.54752E-04
7.46000E-01,4.54447E-04
7.46500E-01,4.54143E-04
7.47000E-01,4.53839E-04
7.47500E-01,4.53536E-04
7.48000E-01,4.53232E-04
7.48500E-01,4.52930E-04
7.49000E-01,4.52627E-04
7.49500E-01,4.52326E-04
7.50000E-01,4.52024E-04
7.50500E-01,4.51723E-04
7.51000E-01,4.51422E-04
7.51500E-01,4.51122E-04
7.52000E-01,4.50822E-04
7.52500E-01,4.50522E-04
7.53000E-01,4.50223E-04
7.53500E-01,4.49925E-04
7.54000E-01,4.49626E-04
7.54500E-01,4.49328E-04
7.55000E-01,4.49031E-04
7.55500E-01,4.48734E-04
7.56000E-01,4.48437E-04
7.56500E-01,4.48141E-04
7.57000E-01,4.47845E-04
7.57500E-01,4.47549E-04
7.58000E-01,4.47254E-04
7.58500E-01,4.46959E-04
7.59000E-01,4.46665E-04
7.59500E-01,4.46371E-04
7.60000E-01,4.46077E-04
7.60500E-01,4.45784E-04
7.61000E-01,4.45491E-04
7.61500E-01,4.45199E-04
7.62000E-01,4.44906E-04
7.62500E-01,4.44615E-04
7.63000E-01,4.44323E-04
7.63500E-01,4.44032E-04
7.64000E-01,4.43742E-04
7.64500E-01,4.43452E-04
7.65000E-01,4.43162E-04
7.65500E-01,4.42873E-04
7.66000E-01,4.42583E-04
7.66500E-01,4.42295E-04
7.67000E-01,4.42007E-04
7.67500E-01,4.41719E-04
7.68000E-01,4.41431E-04
7.68500E-01,4.41144E-04
7.69000E-01,4.40857E-04
7.69500E-01,4.40571E-04
7.70000E-01,4.40285E-04
7.70500E-01,4.39999E-04
7.71000E-01,4.39714E-04
7.71500E-01,4.39429E-04
7.72000E-01,4.39144E-04
7.72500E-01,4.38860E-04
7.73000E-01,4.38576E-04
7.73500E-01,4.38293E-04
7.74000E-01,4.38010E-04
7.74500E-01,4.37727E-04
7.75000E-01,4.37444E-04
7.75500E-01,4.37162E-04
7.76000E-01,4.36881E-04
7.76500E-01,4.36600E-04
7.77000E-01,4.36319E-04
7.77500E-01,4.36038E-04
7.78000E-01,4.35758E-04
7.78500E-01,4.35478E-04
7.79000E-01,4.35199E-04
7.79500E-01,4.34919E-04
7.80000E-01,4.34641E-04
7.80500E-01,4.34362E-04
7.81000E-01,4.34084E-04
7.81500E-01,4.33807E-04
7.82000E-01,4.33529E-04
7.82500E-01,4.33252E-04
7.83000E-01,4.32976E-04
7.83500E-01,4.32699E-04
7.84000E-01,4.32423E-04
7.84500E-01,4.32148E-04
7.85000E-01,4.31873E-04
7.85500E-01,4.31598E-04
7.86000E-01,4.31323E-04
7.86500E-01,4.31049E-04
7.87000E-01,4.30775E-04
7.87500E-01,4.30502E-04
7.88000E-01,4.30229E-04
7.88500E-01,4.29956E-04
7.89000E-01,4.29683E-04
7.89500E-01,4.29411E-04
7.90000E-01,4.29140E-04
7.90500E-01,4.28868E-04
7.91000E-01,4.28597E-04
7.91500E-01,4.28326E-04
7.92000E-01,4.28056E-04
7.92500E-01,4.27786E-04
7.93000E-01,4.27516E-04
7.93500E-01,4.27247E-04
7.94000E-01,4.26978E-04
7.94500E-01,4.26709E-04
7.95000E-01,4.26441E-04
7.95500E-01,4.26173E-04
7.96000E-01,4.25905E-04
7.96500E-01,4.25638E-04
7.97000E-01,4.25371E-04
7.97500E-01,4.25104E-04
7.98000E-01,4.24838E-04
7.98500E-01,4.24572E-04
7.99000E-01,4.24306E-04
7.99500E-01,4.24041E-04
8.00000E-01,4.23776E-04
8.00500E-01,4.23511E-04
8.01000E-01,4.23247E-04
8.01500E-01,4.22983E-04
8.02000E-01,4.22719E-04
8.02500E-01,4.22456E-04
8.03000E-01,4.22193E-04
8.03500E-01,4.21930E-04
8.04000E-01,4.21668E-04
8.04500E-01,4.21406E-04
8.05000E-01,4.21144E-04
8.05500E-01,4.20883E-04
8.06000E-01,4.20622E-04
8.06500E-01,4.20361E-04
8.07000E-01,4.20101E-04
8.07500E-01,4.19841E-04
8.08000E-01,4.19581E-04
8.08500E-01,4.19321E-04
8.09000E-01,4.19062E-04
8.09500E-01,4.18803E-04
8.10000E-01,4.18545E-04
8.10500E-01,4.18287E-04
8.11000E-01,4.18029E-04
8.11500E-01,4.17771E-04
8.12000E-01,4.17514E-04
8.12500E-01,4.17257E-04
8.13000E-01,4.17001E-04
8.13500E-01,4.16744E-04
8.14000E-01,4.16488E-04
8.14500E-01,4.16233E-04
8.15000E-01,4.15977E-04
8.15500E-01,4.15722E-04
8.16000E-01,4.15468E-04
8.16500E-01,4.15213E-04
8.17000E-01,4.14959E-04
8.17500E-01,4.14705E-04
8.18000E-01,4.14452E-04
8.18500E-01,4.14199E-04
8.19000E-01,4.13946E-04
8.19500E-01,4.13694E-04
8.20000E-01,4.13441E-04
8.20500E-01,4.13189E-04
8.21000E-01,4.12938E-04
8.21500E-01,4.12686E-04
8.22000E-01,4.12435E-04
8.22500E-01,4.12185E-04
8.23000E-01,4.11934E-04
8.23500E-01,4.11684E-04
8.24000E-01,4.11435E-04
8.24500E-01,4.11185E-04
8.25000E-01,4.10936E-04
8.25500E-01,4.10687E-04
8.26000E-01,4.10438E-04
8.26500E-01,4.10190E-04
8.27000E-01,4.09942E-04
8.27500E-01,4.09695E-04
8.28000E-01,4.09447E-04
8.28500E-01,4.09200E-04
8.29000E-01,4.08953E-04
8.29500E-01,4.08707E-04
8.30000E-01,4.08461E-04
8.30500E-01,4.08215E-04
8.31000E-01,4.07969E-04
8.31500E-01,4.07724E-04
8.32000E-01,4.07479E-04
8.32500E-01,4.07234E-04
8.33000E-01,4.06990E-04
8.33500E-01,4.06746E-04
8.34000E-01,4.06502E-04
8.34500E-01,4.06258E-04
8.35000E-01,4.06015E-04
8.35500E-01,4.05772E-04
8.36000E-01,4.05529E-04
8.36500E-01,4.05287E-04
8.37000E-01,4.05045E-04
8.37500E-01,4.04803E-04
8.38000E-01,4.04562E-04
8.38500E-01,4.04321E-04
8.39000E-01,4.04080E-04
8.39500E-01,4.03839E-04
8.40000E-01,4.03599E-04
8.40500E-01,4.03359E-04
8.41000E-01,4.03119E-04
8.41500E-01,4.02879E-04
8.42000E-01,4.02640E-04
8.42500E-01,4.02401E-04
8.43000E-01,4.02162E-04
8.43500E-01,4.01924E-04
8.44000E-01,4.01686E-04
8.44500E-01,4.01448E-04
8.45000E-01,4.01211E-04
8.45500E-01,4.00974E-04
8.46000E-01,4.00737E-04
8.46500E-01,4.00500E-04
8.47000E-01,4.00263E-04
8.47500E-01,4.00027E-04
8.48000E-01,3.99792E-04
8.48500E-01,3.99556E-04
8.49000E-01,3.99321E-04
8.49500E-01,3.99086E-04
8.50000E-01,3.98851E-04
8.50500E-01,3.98617E-04
8.51000E-01,3.98382E-04
8.51500E-01,3.98148E-04
8.52000E-01,3.97915E-04
8.52500E-01,3.97681E-04
8.53000E-01,3.97448E-04
8.53500E-01,3.97216E-04
8.54000E-01,3.96983E-04
8.54500E-01,3.96751E-04
8.55000E-01,3.96519E-04
8.55500E-01,3.96287E-04
8.56000E-01,3.96056E-04
8.56500E-01,3.95824E-04
8.57000E-01,3.95594E-04
8.57500E-01,3.95363E-04
8.58000E-01,3.95133E-04
8.58500E-01,3.94902E-04
8.59000E-01,3.94673E-04
8.59500E-01,3.94443E-04
8.60000E-01,3.94214E-04
8.60500E-01,3.93985E-04
8.61000E-01,3.93756E-04
8.61500E-01,3.93527E-04
8.62000E-01,3.93299E-04
8.62500E-01,3.93071E-04
8.63000E-01,3.92843E-04
8.63500E-01,3.92616E-04
8.64000E-01,3.92389E-04
8.64500E-01,3.92162E-04
8.65000E-01,3.91935E-04
8.65500E-01,3.91709E-04
8.66000E-01,3.91483E-04
8.66500E-01,3.91257E-04
8.67000E-01,3.91031E-04
8.67500E-01,3.90806E-04
8.68000E-01,3.90581E-04
8.68500E-01,3.90356E-04
8.69000E-01,3.90131E-04
8.69500E-01,3.89907E-04
8.70000E-01,3.89683E-04
8.70500E-01,3.89459E-04
8.71000E-01,3.89236E-04
8.71500E-01,3.89012E-04
8.72000E-01,3.88789E-04
8.72500E-01,3.88567E-04
8.73000E-01,3.88344E-04
8.73500E-01,3.88122E-04
8.74000E-01,3.87900E-04
8.74500E-01,3.87678E-04
8.75000E-01,3.87457E-04
8.75500E-01,3.87235E-04
8.76000E-01,3.87014E-04
8.76500E-01,3.86794E-04
8.77000E-01,3.86573E-04
8.77500E-01,3.86353E-04
8.78000E-01,3.86133E-04
8.78500E-01,3.85913E-04
8.79000E-01,3.85694E-04
8.79500E-01,3.85474E-04
8.80000E-01,3.85255E-04
8.80500E-01,3.85037E-04
8.81000E-01,3.84818E-04
8.81500E-01,3.84600E-04
8.82000E-01,3.84382E-04
8.82500E-01,3.84164E-04
8.83000E-01,3.83947E-04
8.83500E-01,3.83729E-04
8.84000E-01,3.83512E-04
8.84500E-01,3.83296E-04
8.85000E-01,3.83079E-04
8.85500E-01,3.82863E-04
8.86000E-01,3.82647E-04
8.86500E-01,3.82431E-04
8.87000E-01,3.82215E-04
8.87500E-01,3.82000E-04
8.88000E-01,3.81785E-04
8.88500E-01,3.81570E-04
8.89000E-01,3.81356E-04
8.89500E-01,3.81141E-04
8.90000E-01,3.80927E-04
8.90500E-01,3.80713E-04
8.91000E-01,3.80500E-04
8.91500E-01,3.80286E-04
8.92000E-01,3.80073E-04
8.92500E-01,3.79860E-04
8.93000E-01,3.79648E-04
8.93500E-01,3.79435E-04
8.94000E-01,3.79223E-04
8.94500E-01,3.79011E-04
8.95000E-01,3.78799E-04
8.95500E-01,3.78588E-04
8.96000E-01,3.78377E-04
8.96500E-01,3.78166E-04
8.97000E-01,3.77955E-04
8.97500E-01,3.77744E-04
8.98000E-01,3.77534E-04
8.98500E-01,3.77324E-04
8.99000E-01,3.77114E-04
8.99500E-01,3.76904E-04
9.00000E-01,3.76695E-04
9.00500E-01,3.76486E-04
9.01000E-01,3.76277E-04
9.01500E-01,3.76068E-04
9.02000E-01,3.75860E-04
9.02500E-01,3.75652E-04
9.03000E-01,3.75444E-04
9.03500E-01,3.75236E-04
9.04000E-01,3.75028E-04
9.04500E-01,3.74821E-04
9.05000E-01,3.74614E-04
9.05500E-01,3.74407E-04
9.06000E-01,3.74201E-04
9.06500E-01,3.73994E-04
9.07000E-01,3.73788E-04
9.07500E-01,3.73582E-04
9.08000E-01,3.73377E-04
9.08500E-01,3.73171E-04
9.09000E-01,3.72966E-04
9.09500E-01,3.72761E-04
9.10000E-01,3.72556E-04
9.10500E-01,3.72351E-04
9.11000E-01,3.72147E-04
9.11500E-01,3.71943E-04
9.12000E-01,3.71739E-04
9.12500E-01,3.71535E-04
9.13000E-01,3.71332E-04
9.13500E-01,3.71129E-04
9.14000E-01,3.70926E-04
9.14500E-01,3.70723E-04
9.15000E-01,3.70520E-04
9.15500E-01,3.70318E-04
9.16000E-01,3.70116E-04
9.16500E-01,3.69914E-04
9.17000E-01,3.69712E-04
9.17500E-01,3.69511E-04
9.18000E-01,3.69310E-04
9.18500E-01,3.69109E-04
9.19000E-01,3.68908E-04
9.19500E-01,3.68707E-04
9.20000E-01,3.68507E-04
9.20500E-01,3.68307E-04
9.21000E-01,3.68107E-04
9.21500E-01,3.67907E-04
9.22000E-01,3.67708E-04
9.22500E-01,3.67508E-04
9.23000E-01,3.67309E-04
9.23500E-01,3.67110E-04
9.24000E-01,3.66912E-04
9.24500E-01,3.66713E-04
9.25000E-01,3.66515E-04
9.25500E-01,3.66317E-04
9.26000E-01,3.66119E-04
9.26500E-01,3.65922E-04
9.27000E-01,3.65725E-04
9.27500E-01,3.65527E-04
9.28000E-01,3.65330E-04
9.28500E-01,3.65134E-04
9.29000E-01,3.64937E-04
9.29500E-01,3.64741E-04
9.30000E-01,3.64545E-04
9.30500E-01,3.64349E-04
9.31000E-01,3.64153E-04
9.31500E-01,3.63958E-04
9.32000E-01,3.63763E-04
9.32500E-01,3.63568E-04
9.33000E-01,3.63373E-04
9.33500E-01,3.63178E-04
9.34000E-01,3.62984E-04
9.34500E-01,3.62790E-04
9.35000E-01,3.62596E-04
9.35500E-01,3.62402E-04
9.36000E-01,3.62208E-04
9.36500E-01,3.62015E-04
9.37000E-01,3.61822E-04
9.37500E-01,3.61629E-04
9.38000E-01,3.61436E-04
9.38500E-01,3.61244E-04
9.39000E-01,3.61051E-04
9.39500E-01,3.60859E-04
9.40000E-01,3.60667E-04
9.40500E-01,3.60475E-04
9.41000E-01,3.60284E-04
9.41500E-01,3.60093E-04
9.42000E-01,3.59901E-04
9.42500E-01,3.59711E-04
9.43000E-01,3.59520E-04
9.43500E-01,3.59329E-04
9.44000E-01,3.59139E-04
9.44500E-01,3.58949E-04
9.45000E-01,3.58759E-04
9.45500E-01,3.58569E-04
9.46000E-01,3.58380E-04
9.46500E-01,3.58191E-04
9.47000E-01,3.58001E-04
9.47500E-01,3.57813E-04
9.48000E-01,3.57624E-04
9.48500E-01,3.57435E-04
9.49000E-01,3.57247E-04
9.49500E-01,3.57059E-04
9.50000E-01,3.56871E-04
9.50500E-01,3.56683E-04
9.51000E-01,3.56496E-04
9.51500E-01,3.56309E-04
9.52000E-01,3.56121E-04
9.52500E-01,3.55934E-04
9.53000E-01,3.55748E-04
9.53500E-01,3.55561E-04
9.54000E-01,3.55375E-04
9.54500E-01,3.55189E-04
9.55000E-01,3.55003E-04
9.55500E-01,3.54817E-04
9.56000E-01,3.54632E-04
9.56500E-01,3.54446E-04
9.57000E-01,3.54261E-04
9.57500E-01,3.54076E-04
9.58000E-01,3.53891E-04
9.58500E-01,3.53707E-04
9.59000E-01,3.53522E-04
9.59500E-01,3.53338E-04
9.60000E-01,3.53154E-04
9.60500E-01,3.52970E-04
9.61000E-01,3.52787E-04
9.61500E-01,3.52603E-04
9.62000E-01,3.52420E-04
9.62500E-01,3.52237E-04
9.63000E-01,3.52054E-04
9.63500E-01,3.51871E-04
9.64000E-01,3.51689E-04
9.64500E-01,3.51507E-04
9.65000E-01,3.51324E-04
9.65500E-01,3.51143E-04
9.66000E-01,3.50961E-04
9.66500E-01,3.50779E-04
9.67000E-01,3.50598E-04
9.67500E-01,3.50417E-04
9.68000E-01,3.50236E-04
9.68500E-01,3.50055E-04
9.69000E-01,3.49874E-04
9.69500E-01,3.49694E-04
9.70000E-01,3.49514E-04
9.70500E-01,3.49334E-04
9.71000E-01,3.49154E-04
9.71500E-01,3.48974E-04
9.72000E-01,3.48795E-04
9.72500E-01,3.48615E-04
9.73000E-01,3.48436E-04
9.73500E-01,3.48257E-04
9.74000E-01,3.48078E-04
9.74500E-01,3.47900E-04
9.75000E-01,3.47721E-04
9.75500E-01,3.47543E-04
9.76000E-01,3.47365E-04
9.76500E-01,3.47187E-04
9.77000E-01,3.47010E-04
9.77500E-01,3.46832E-04
9.78000E-01,3.46655E-04
9.78500E-01,3.46478E-04
9.79000E-01,3.46301E-04
9.79500E-01,3.46124E-04
9.80000E-01,3.45948E-04
9.80500E-01,3.45771E-04
9.81000E-01,3.45595E-04
9.81500E-01,3.45419E-04
9.82000E-01,3.45243E-04
9.82500E-01,3.45067E-04
9.83000E-01,3.44892E-04
9.83500E-01,3.44717E-04
9.84000E-01,3.44541E-04
9.84500E-01,3.44366E-04
9.85000E-01,3.44192E-04
9.85500E-01,3.44017E-04
9.86000E-01,3.43843E-04
9.86500E-01,3.43668E-04
9.87000E-01,3.43494E-04
9.87500E-01,3.43320E-04
9.88000E-01,3.43147E-04
9.88500E-01,3.42973E-04
9.89000E-01,3.42800E-04
9.89500E-01,3.42627E-04
9.90000E-01,3.42453E-04
9.90500E-01,3.42281E-04
9.91000E-01,3.42108E-04
9.91500E-01,3.41935E-04
9.92000E-01,3.41763E-04
9.92500E-01,3.41591E-04
9.93000E-01,3.41419E-04
9.93500E-01,3.41247E-04
9.94000E-01,3.41076E-04
9.94500E-01,3.40904E-04
9.95000E-01,3.40733E-04
9.95500E-01,3.40562E-04
9.96000E-01,3.40391E-04
9.96500E-01,3.40220E-04
9.97000E-01,3.40049E-04
9.97500E-01,3.39879E-04
9.98000E-01,3.39709E-04
9.98500E-01,3.39539E-04
9.99000E-01,3.39369E-04
9.99500E-01,3.39199E-04
1.00000E+00,3.39029E-04
