1.00000E-04,0.00000E+00,0,0
2.25000E-04,1.02460E-01,0,0
3.50000E-04,1.58285E-01,0,0
4.75000E-04,1.96870E-01,0,0
6.00000E-04,2.26387E-01,0,0
7.25000E-04,2.50297E-01,0,0
8.50000E-04,2.70395E-01,0,0
9.75000E-04,2.87730E-01,0,0
1.10000E-03,3.02971E-01,0,0
1.22500E-03,3.16570E-01,0,0
1.35000E-03,3.28847E-01,0,0
1.47500E-03,3.40035E-01,0,0
1.60000E-03,3.50313E-01,0,0
1.72500E-03,3.59818E-01,0,0
1.85000E-03,3.68657E-01,0,0
1.97500E-03,3.76918E-01,0,0
2.10000E-03,3.84672E-01,0,0
2.22500E-03,3.91977E-01,0,0
2.35000E-03,3.98883E-01,0,0
2.47500E-03,4.05431E-01,0,0
2.60000E-03,4.11656E-01,0,0
2.72500E-03,4.17589E-01,0,0
2.85000E-03,4.23256E-01,0,0
2.97500E-03,4.28680E-01,0,0
3.10000E-03,4.33880E-01,0,0
3.22500E-03,4.38875E-01,0,0
3.35000E-03,4.43679E-01,0,0
3.47500E-03,4.48308E-01,0,0
3.60000E-03,4.52773E-01,0,0
3.72500E-03,4.57086E-01,0,0
3.85000E-03,4.61256E-01,0,0
3.97500E-03,4.65293E-01,0,0
4.10000E-03,4.69205E-01,0,0
4.22500E-03,4.73000E-01,0,0
4.35000E-03,4.76684E-01,0,0
4.47500E-03,4.80263E-01,0,0
4.60000E-03,4.83744E-01,0,0
4.72500E-03,4.87132E-01,0,0
4.85000E-03,4.90431E-01,0,0
4.97500E-03,4.93646E-01,0,0
5.00000E-03,4.94279E-01,0,0
5.50000E-03,5.06322E-01,0,0
6.00000E-03,5.17315E-01,0,0
6.50000E-03,5.27429E-01,0,0
7.00000E-03,5.36792E-01,0,0
7.50000E-03,5.45509E-01,0,0
8.00000E-03,5.53664E-01,0,0
8.50000E-03,5.61323E-01,0,0
9.00000E-03,5.68545E-01,0,0
9.50000E-03,5.75377E-01,0,0
1.00000E-02,5.81858E-01,0,0
1.05000E-02,5.88022E-01,0,0
1.10000E-02,5.93900E-01,0,0
1.15000E-02,5.99516E-01,0,0
1.20000E-02,6.04894E-01,0,0
1.25000E-02,6.10051E-01,0,0
1.30000E-02,6.15007E-01,0,0
1.35000E-02,6.19775E-01,0,0
1.40000E-02,6.24370E-01,0,0
1.45000E-02,6.28804E-01,0,0
1.50000E-02,6.33088E-01,0,0
1.55000E-02,6.37231E-01,0,0
1.60000E-02,6.41242E-01,0,0
1.65000E-02,6.45130E-01,0,0
1.70000E-02,6.48902E-01,0,0
1.75000E-02,6.52564E-01,0,0
1.80000E-02,6.56124E-01,0,0
1.85000E-02,6.59585E-01,0,0
1.90000E-02,6.62955E-01,0,0
1.95000E-02,6.66237E-01,0,0
2.00000E-02,6.69436E-01,0,0
2.05000E-02,6.72556E-01,0,0
2.10000E-02,6.75600E-01,0,0
2.15000E-02,6.78573E-01,0,0
2.20000E-02,6.81478E-01,0,0
2.25000E-02,6.84318E-01,0,0
2.30000E-02,6.87095E-01,0,0
2.35000E-02,6.89812E-01,0,0
2.40000E-02,6.92472E-01,0,0
2.45000E-02,6.95077E-01,0,0
2.50000E-02,6.97630E-01,0,0
2.55000E-02,7.00132E-01,0,0
2.60000E-02,7.02585E-01,0,0
2.65000E-02,7.04992E-01,0,0
2.70000E-02,7.07354E-01,0,0
2.75000E-02,7.09672E-01,0,0
2.80000E-02,7.11949E-01,0,0
2.85000E-02,7.14185E-01,0,0
2.90000E-02,7.16382E-01,0,0
2.95000E-02,7.18542E-01,0,0
3.00000E-02,7.20666E-01,0,0
3.05000E-02,7.22754E-01,0,0
3.10000E-02,7.24809E-01,0,0
3.15000E-02,7.26830E-01,0,0
3.20000E-02,7.28820E-01,0,0
3.25000E-02,7.30779E-01,0,0
3.30000E-02,7.32708E-01,0,0
3.35000E-02,7.34608E-01,0,0
3.40000E-02,7.36480E-01,0,0
3.45000E-02,7.38325E-01,0,0
3.50000E-02,7.40143E-01,0,0
3.55000E-02,7.41935E-01,0,0
3.60000E-02,7.43702E-01,0,0
3.65000E-02,7.45445E-01,0,0
3.70000E-02,7.47164E-01,0,0
3.75000E-02,7.48860E-01,0,0
3.80000E-02,7.50533E-01,0,0
3.85000E-02,7.52185E-01,0,0
3.90000E-02,7.53815E-01,0,0
3.95000E-02,7.55425E-01,0,0
4.00000E-02,7.57014E-01,0,0
4.05000E-02,7.58584E-01,0,0
4.10000E-02,7.60134E-01,0,0
4.15000E-02,7.61666E-01,0,0
4.20000E-02,7.63179E-01,0,0
4.25000E-02,7.64674E-01,0,0
4.30000E-02,7.66152E-01,0,0
4.35000E-02,7.67612E-01,0,0
4.40000E-02,7.69056E-01,0,0
4.45000E-02,7.70484E-01,0,0
4.50000E-02,7.71896E-01,0,0
4.55000E-02,7.73292E-01,0,0
4.60000E-02,7.74673E-01,0,0
4.65000E-02,7.76039E-01,0,0
4.70000E-02,7.77390E-01,0,0
4.75000E-02,7.78727E-01,0,0
4.80000E-02,7.80050E-01,0,0
4.85000E-02,7.81360E-01,0,0
4.90000E-02,7.82655E-01,0,0
4.95000E-02,7.83938E-01,0,0
5.00000E-02,7.85208E-01,0,0
5.05000E-02,7.86465E-01,0,0
5.10000E-02,7.87710E-01,0,0
5.15000E-02,7.88943E-01,0,0
5.20000E-02,7.90164E-01,0,0
5.25000E-02,7.91373E-01,0,0
5.30000E-02,7.92570E-01,0,0
5.35000E-02,7.93757E-01,0,0
5.40000E-02,7.94932E-01,0,0
5.45000E-02,7.96096E-01,0,0
5.50000E-02,7.97250E-01,0,0
5.55000E-02,7.98394E-01,0,0
5.60000E-02,7.99527E-01,0,0
5.65000E-02,8.00650E-01,0,0
5.70000E-02,8.01763E-01,0,0
5.75000E-02,8.02867E-01,0,0
5.80000E-02,8.03961E-01,0,0
5.85000E-02,8.05045E-01,0,0
5.90000E-02,8.06121E-01,0,0
5.95000E-02,8.07187E-01,0,0
6.00000E-02,8.08244E-01,0,0
6.05000E-02,8.09293E-01,0,0
6.10000E-02,8.10333E-01,0,0
6.15000E-02,8.11364E-01,0,0
6.20000E-02,8.12387E-01,0,0
6.25000E-02,8.13402E-01,0,0
6.30000E-02,8.14409E-01,0,0
6.35000E-02,8.15408E-01,0,0
6.40000E-02,8.16398E-01,0,0
6.45000E-02,8.17382E-01,0,0
6.50000E-02,8.18357E-01,0,0
6.55000E-02,8.19326E-01,0,0
6.60000E-02,8.20286E-01,0,0
6.65000E-02,8.21240E-01,0,0
6.70000E-02,8.22186E-01,0,0
6.75000E-02,8.23126E-01,0,0
6.80000E-02,8.24058E-01,0,0
6.85000E-02,8.24984E-01,0,0
6.90000E-02,8.25903E-01,0,0
6.95000E-02,8.26815E-01,0,0
7.00000E-02,8.27721E-01,0,0
7.05000E-02,8.28620E-01,0,0
7.10000E-02,8.29513E-01,0,0
7.15000E-02,8.30400E-01,0,0
7.20000E-02,8.31280E-01,0,0
7.25000E-02,8.32155E-01,0,0
7.30000E-02,8.33023E-01,0,0
7.35000E-02,8.33885E-01,0,0
7.40000E-02,8.34742E-01,0,0
7.45000E-02,8.35593E-01,0,0
7.50000E-02,8.36438E-01,0,0
7.55000E-02,8.37278E-01,0,0
7.60000E-02,8.38112E-01,0,0
7.65000E-02,8.38940E-01,0,0
7.70000E-02,8.39763E-01,0,0
7.75000E-02,8.40581E-01,0,0
7.80000E-02,8.41394E-01,0,0
7.85000E-02,8.42201E-01,0,0
7.90000E-02,8.43003E-01,0,0
7.95000E-02,8.43800E-01,0,0
8.00000E-02,8.44592E-01,0,0
8.05000E-02,8.45380E-01,0,0
8.10000E-02,8.46162E-01,0,0
8.15000E-02,8.46939E-01,0,0
8.20000E-02,8.47712E-01,0,0
8.25000E-02,8.48480E-01,0,0
8.30000E-02,8.49244E-01,0,0
8.35000E-02,8.50003E-01,0,0
8.40000E-02,8.50757E-01,0,0
8.45000E-02,8.51507E-01,0,0
8.50000E-02,8.52252E-01,0,0
8.55000E-02,8.52993E-01,0,0
8.60000E-02,8.53730E-01,0,0
8.65000E-02,8.54462E-01,0,0
8.70000E-02,8.55191E-01,0,0
8.75000E-02,8.55915E-01,0,0
8.80000E-02,8.56635E-01,0,0
8.85000E-02,8.57351E-01,0,0
8.90000E-02,8.58062E-01,0,0
8.95000E-02,8.58770E-01,0,0
9.00000E-02,8.59474E-01,0,0
9.05000E-02,8.60174E-01,0,0
9.10000E-02,8.60870E-01,0,0
9.15000E-02,8.61563E-01,0,0
9.20000E-02,8.62251E-01,0,0
9.25000E-02,8.62936E-01,0,0
9.30000E-02,8.63617E-01,0,0
9.35000E-02,8.64295E-01,0,0
9.40000E-02,8.64968E-01,0,0
9.45000E-02,8.65639E-01,0,0
9.50000E-02,8.66305E-01,0,0
9.55000E-02,8.66969E-01,0,0
9.60000E-02,8.67628E-01,0,0
9.65000E-02,8.68285E-01,0,0
9.70000E-02,8.68938E-01,0,0
9.75000E-02,8.69587E-01,0,0
9.80000E-02,8.70234E-01,0,0
9.85000E-02,8.70877E-01,0,0
9.90000E-02,8.71516E-01,0,0
9.95000E-02,8.72153E-01,0,0
1.00000E-01,8.72786E-01,0,0
1.00500E-01,8.73416E-01,0,0
1.01000E-01,8.74044E-01,0,0
1.01500E-01,8.74667E-01,0,0
1.02000E-01,8.75288E-01,0,0
1.02500E-01,8.75906E-01,0,0
1.03000E-01,8.76521E-01,0,0
1.03500E-01,8.77133E-01,0,0
1.04000E-01,8.77742E-01,0,0
1.04500E-01,8.78348E-01,0,0
1.05000E-01,8.78951E-01,0,0
1.05500E-01,8.79551E-01,0,0
1.06000E-01,8.80149E-01,0,0
1.06500E-01,8.80743E-01,0,0
1.07000E-01,8.81335E-01,0,0
1.07500E-01,8.81924E-01,0,0
1.08000E-01,8.82510E-01,0,0
1.08500E-01,8.83094E-01,0,0
1.09000E-01,8.83675E-01,0,0
1.09500E-01,8.84253E-01,0,0
1.10000E-01,8.84829E-01,0,0
1.10500E-01,8.85402E-01,0,0
1.11000E-01,8.85972E-01,0,0
1.11500E-01,8.86540E-01,0,0
1.12000E-01,8.87105E-01,0,0
1.12500E-01,8.87668E-01,0,0
1.13000E-01,8.88228E-01,0,0
1.13500E-01,8.88786E-01,0,0
1.14000E-01,8.89342E-01,0,0
1.14500E-01,8.89895E-01,0,0
1.15000E-01,8.90445E-01,0,0
1.15500E-01,8.90993E-01,0,0
1.16000E-01,8.91539E-01,0,0
1.16500E-01,8.92082E-01,0,0
1.17000E-01,8.92624E-01,0,0
1.17500E-01,8.93162E-01,0,0
1.18000E-01,8.93699E-01,0,0
1.18500E-01,8.94233E-01,0,0
1.19000E-01,8.94765E-01,0,0
1.19500E-01,8.95295E-01,0,0
1.20000E-01,8.95822E-01,0,0
1.20500E-01,8.96348E-01,0,0
1.21000E-01,8.96871E-01,0,0
1.21500E-01,8.97392E-01,0,0
1.22000E-01,8.97911E-01,0,0
1.22500E-01,8.98428E-01,0,0
1.23000E-01,8.98942E-01,0,0
1.23500E-01,8.99455E-01,0,0
1.24000E-01,8.99965E-01,0,0
1.24500E-01,9.00474E-01,0,0
1.25000E-01,9.00980E-01,0,0
1.25500E-01,9.01485E-01,0,0
1.26000E-01,9.01987E-01,0,0
1.26500E-01,9.02487E-01,0,0
1.27000E-01,9.02986E-01,0,0
1.27500E-01,9.03482E-01,0,0
1.28000E-01,9.03977E-01,0,0
1.28500E-01,9.04469E-01,0,0
1.29000E-01,9.04960E-01,0,0
1.29500E-01,9.05449E-01,0,0
1.30000E-01,9.05936E-01,0,0
1.30500E-01,9.06421E-01,0,0
1.31000E-01,9.06904E-01,0,0
1.31500E-01,9.07385E-01,0,0
1.32000E-01,9.07865E-01,0,0
1.32500E-01,9.08342E-01,0,0
1.33000E-01,9.08818E-01,0,0
1.33500E-01,9.09292E-01,0,0
1.34000E-01,9.09765E-01,0,0
1.34500E-01,9.10235E-01,0,0
1.35000E-01,9.10704E-01,0,0
1.35500E-01,9.11171E-01,0,0
1.36000E-01,9.11637E-01,0,0
1.36500E-01,9.12100E-01,0,0
1.37000E-01,9.12562E-01,0,0
1.37500E-01,9.13023E-01,0,0
1.38000E-01,9.13481E-01,0,0
1.38500E-01,9.13938E-01,0,0
1.39000E-01,9.14393E-01,0,0
1.39500E-01,9.14847E-01,0,0
1.40000E-01,9.15299E-01,0,0
1.40500E-01,9.15750E-01,0,0
1.41000E-01,9.16198E-01,0,0
1.41500E-01,9.16646E-01,0,0
1.42000E-01,9.17091E-01,0,0
1.42500E-01,9.17535E-01,0,0
1.43000E-01,9.17978E-01,0,0
1.43500E-01,9.18419E-01,0,0
1.44000E-01,9.18859E-01,0,0
1.44500E-01,9.19296E-01,0,0
1.45000E-01,9.19733E-01,0,0
1.45500E-01,9.20168E-01,0,0
1.46000E-01,9.20601E-01,0,0
1.46500E-01,9.21033E-01,0,0
1.47000E-01,9.21464E-01,0,0
1.47500E-01,9.21893E-01,0,0
1.48000E-01,9.22320E-01,0,0
1.48500E-01,9.22746E-01,0,0
1.49000E-01,9.23171E-01,0,0
1.49500E-01,9.23594E-01,0,0
1.50000E-01,9.24016E-01,0,0
1.50500E-01,9.24437E-01,0,0
1.51000E-01,9.24856E-01,0,0
1.51500E-01,9.25274E-01,0,0
1.52000E-01,9.25690E-01,0,0
1.52500E-01,9.26105E-01,0,0
1.53000E-01,9.26518E-01,0,0
1.53500E-01,9.26931E-01,0,0
1.54000E-01,9.27341E-01,0,0
1.54500E-01,9.27751E-01,0,0
1.55000E-01,9.28159E-01,0,0
1.55500E-01,9.28566E-01,0,0
1.56000E-01,9.28972E-01,0,0
1.56500E-01,9.29376E-01,0,0
1.57000E-01,9.29779E-01,0,0
1.57500E-01,9.30181E-01,0,0
1.58000E-01,9.30581E-01,0,0
1.58500E-01,9.30981E-01,0,0
1.59000E-01,9.31379E-01,0,0
1.59500E-01,9.31775E-01,0,0
1.60000E-01,9.32171E-01,0,0
1.60500E-01,9.32565E-01,0,0
1.61000E-01,9.32958E-01,0,0
1.61500E-01,9.33350E-01,0,0
1.62000E-01,9.33740E-01,0,0
1.62500E-01,9.34130E-01,0,0
1.63000E-01,9.34518E-01,0,0
1.63500E-01,9.34905E-01,0,0
1.64000E-01,9.35291E-01,0,0
1.64500E-01,9.35675E-01,0,0
1.65000E-01,9.36059E-01,0,0
1.65500E-01,9.36441E-01,0,0
1.66000E-01,9.36822E-01,0,0
1.66500E-01,9.37202E-01,0,0
1.67000E-01,9.37581E-01,0,0
1.67500E-01,9.37959E-01,0,0
1.68000E-01,9.38335E-01,0,0
1.68500E-01,9.38711E-01,0,0
1.69000E-01,9.39085E-01,0,0
1.69500E-01,9.39458E-01,0,0
1.70000E-01,9.39831E-01,0,0
1.70500E-01,9.40202E-01,0,0
1.71000E-01,9.40572E-01,0,0
1.71500E-01,9.40940E-01,0,0
1.72000E-01,9.41308E-01,0,0
1.72500E-01,9.41675E-01,0,0
1.73000E-01,9.42041E-01,0,0
1.73500E-01,9.42405E-01,0,0
1.74000E-01,9.42769E-01,0,0
1.74500E-01,9.43132E-01,0,0
1.75000E-01,9.43493E-01,0,0
1.75500E-01,9.43854E-01,0,0
1.76000E-01,9.44213E-01,0,0
1.76500E-01,9.44571E-01,0,0
1.77000E-01,9.44929E-01,0,0
1.77500E-01,9.45285E-01,0,0
1.78000E-01,9.45641E-01,0,0
1.78500E-01,9.45995E-01,0,0
1.79000E-01,9.46349E-01,0,0
1.79500E-01,9.46701E-01,0,0
1.80000E-01,9.47052E-01,0,0
1.80500E-01,9.47403E-01,0,0
1.81000E-01,9.47752E-01,0,0
1.81500E-01,9.48101E-01,0,0
1.82000E-01,9.48449E-01,0,0
1.82500E-01,9.48795E-01,0,0
1.83000E-01,9.49141E-01,0,0
1.83500E-01,9.49486E-01,0,0
1.84000E-01,9.49829E-01,0,0
1.84500E-01,9.50172E-01,0,0
1.85000E-01,9.50514E-01,0,0
1.85500E-01,9.50855E-01,0,0
1.86000E-01,9.51195E-01,0,0
1.86500E-01,9.51535E-01,0,0
1.87000E-01,9.51873E-01,0,0
1.87500E-01,9.52210E-01,0,0
1.88000E-01,9.52547E-01,0,0
1.88500E-01,9.52882E-01,0,0
1.89000E-01,9.53217E-01,0,0
1.89500E-01,9.53551E-01,0,0
1.90000E-01,9.53884E-01,0,0
1.90500E-01,9.54216E-01,0,0
1.91000E-01,9.54547E-01,0,0
1.91500E-01,9.54877E-01,0,0
1.92000E-01,9.55207E-01,0,0
1.92500E-01,9.55535E-01,0,0
1.93000E-01,9.55863E-01,0,0
1.93500E-01,9.56190E-01,0,0
1.94000E-01,9.56516E-01,0,0
1.94500E-01,9.56841E-01,0,0
1.95000E-01,9.57166E-01,0,0
1.95500E-01,9.57489E-01,0,0
1.96000E-01,9.57812E-01,0,0
1.96500E-01,9.58134E-01,0,0
1.97000E-01,9.58455E-01,0,0
1.97500E-01,9.58775E-01,0,0
1.98000E-01,9.59095E-01,0,0
1.98500E-01,9.59413E-01,0,0
1.99000E-01,9.59731E-01,0,0
1.99500E-01,9.60048E-01,0,0
2.00000E-01,9.60365E-01,0,0
2.00500E-01,9.60680E-01,0,0
2.01000E-01,9.60995E-01,0,0
2.01500E-01,9.61309E-01,0,0
2.02000E-01,9.61622E-01,0,0
2.02500E-01,9.61934E-01,0,0
2.03000E-01,9.62246E-01,0,0
2.03500E-01,9.62557E-01,0,0
2.04000E-01,9.62867E-01,0,0
2.04500E-01,9.63176E-01,0,0
2.05000E-01,9.63484E-01,0,0
2.05500E-01,9.63792E-01,0,0
2.06000E-01,9.64099E-01,0,0
2.06500E-01,9.64406E-01,0,0
2.07000E-01,9.64711E-01,0,0
2.07500E-01,9.65016E-01,0,0
2.08000E-01,9.65320E-01,0,0
2.08500E-01,9.65623E-01,0,0
2.09000E-01,9.65926E-01,0,0
2.09500E-01,9.66228E-01,0,0
2.10000E-01,9.66529E-01,0,0
2.10500E-01,9.66830E-01,0,0
2.11000E-01,9.67129E-01,0,0
2.11500E-01,9.67428E-01,0,0
2.12000E-01,9.67727E-01,0,0
2.12500E-01,9.68024E-01,0,0
2.13000E-01,9.68321E-01,0,0
2.13500E-01,9.68618E-01,0,0
2.14000E-01,9.68913E-01,0,0
2.14500E-01,9.69208E-01,0,0
2.15000E-01,9.69502E-01,0,0
2.15500E-01,9.69796E-01,0,0
2.16000E-01,9.70089E-01,0,0
2.16500E-01,9.70381E-01,0,0
2.17000E-01,9.70672E-01,0,0
2.17500E-01,9.70963E-01,0,0
2.18000E-01,9.71253E-01,0,0
2.18500E-01,9.71542E-01,0,0
2.19000E-01,9.71831E-01,0,0
2.19500E-01,9.72119E-01,0,0
2.20000E-01,9.72407E-01,0,0
2.20500E-01,9.72694E-01,0,0
2.21000E-01,9.72980E-01,0,0
2.21500E-01,9.73265E-01,0,0
2.22000E-01,9.73550E-01,0,0
2.22500E-01,9.73835E-01,0,0
2.23000E-01,9.74118E-01,0,0
2.23500E-01,9.74401E-01,0,0
2.24000E-01,9.74684E-01,0,0
2.24500E-01,9.74965E-01,0,0
2.25000E-01,9.75246E-01,0,0
2.25500E-01,9.75527E-01,0,0
2.26000E-01,9.75807E-01,0,0
2.26500E-01,9.76086E-01,0,0
2.27000E-01,9.76364E-01,0,0
2.27500E-01,9.76642E-01,0,0
2.28000E-01,9.76920E-01,0,0
2.28500E-01,9.77197E-01,0,0
2.29000E-01,9.77473E-01,0,0
2.29500E-01,9.77748E-01,0,0
2.30000E-01,9.78023E-01,0,0
2.30500E-01,9.78298E-01,0,0
2.31000E-01,9.78571E-01,0,0
2.31500E-01,9.78845E-01,0,0
2.32000E-01,9.79117E-01,0,0
2.32500E-01,9.79389E-01,0,0
2.33000E-01,9.79661E-01,0,0
2.33500E-01,9.79932E-01,0,0
2.34000E-01,9.80202E-01,0,0
2.34500E-01,9.80472E-01,0,0
2.35000E-01,9.80741E-01,0,0
2.35500E-01,9.81009E-01,0,0
2.36000E-01,9.81277E-01,0,0
2.36500E-01,9.81545E-01,0,0
2.37000E-01,9.81811E-01,0,0
2.37500E-01,9.82078E-01,0,0
2.38000E-01,9.82343E-01,0,0
2.38500E-01,9.82609E-01,0,0
2.39000E-01,9.82873E-01,0,0
2.39500E-01,9.83137E-01,0,0
2.40000E-01,9.83401E-01,0,0
2.40500E-01,9.83664E-01,0,0
2.41000E-01,9.83926E-01,0,0
2.41500E-01,9.84188E-01,0,0
2.42000E-01,9.84449E-01,0,0
2.42500E-01,9.84710E-01,0,0
2.43000E-01,9.84970E-01,0,0
2.43500E-01,9.85230E-01,0,0
2.44000E-01,9.85489E-01,0,0
2.44500E-01,9.85748E-01,0,0
2.45000E-01,9.86006E-01,0,0
2.45500E-01,9.86264E-01,0,0
2.46000E-01,9.86521E-01,0,0
2.46500E-01,9.86777E-01,0,0
2.47000E-01,9.87033E-01,0,0
2.47500E-01,9.87289E-01,0,0
2.48000E-01,9.87544E-01,0,0
2.48500E-01,9.87798E-01,0,0
2.49000E-01,9.88052E-01,0,0
2.49500E-01,9.88306E-01,0,0
2.50000E-01,9.88559E-01,0,0
2.50500E-01,9.88811E-01,0,0
2.51000E-01,9.89063E-01,0,0
2.51500E-01,9.89314E-01,0,0
2.52000E-01,9.89565E-01,0,0
2.52500E-01,9.89816E-01,0,0
2.53000E-01,9.90066E-01,0,0
2.53500E-01,9.90315E-01,0,0
2.54000E-01,9.90564E-01,0,0
2.54500E-01,9.90813E-01,0,0
2.55000E-01,9.91061E-01,0,0
2.55500E-01,9.91308E-01,0,0
2.56000E-01,9.91555E-01,0,0
2.56500E-01,9.91802E-01,0,0
2.57000E-01,9.92048E-01,0,0
2.57500E-01,9.92293E-01,0,0
2.58000E-01,9.92538E-01,0,0
2.58500E-01,9.92783E-01,0,0
2.59000E-01,9.93027E-01,0,0
2.59500E-01,9.93271E-01,0,0
2.60000E-01,9.93514E-01,0,0
2.60500E-01,9.93757E-01,0,0
2.61000E-01,9.93999E-01,0,0
2.61500E-01,9.94241E-01,0,0
2.62000E-01,9.94482E-01,0,0
2.62500E-01,9.94723E-01,0,0
2.63000E-01,9.94964E-01,0,0
2.63500E-01,9.95203E-01,0,0
2.64000E-01,9.95443E-01,0,0
2.64500E-01,9.95682E-01,0,0
2.65000E-01,9.95921E-01,0,0
2.65500E-01,9.96159E-01,0,0
2.66000E-01,9.96397E-01,0,0
2.66500E-01,9.96634E-01,0,0
2.67000E-01,9.96871E-01,0,0
2.67500E-01,9.97107E-01,0,0
2.68000E-01,9.97343E-01,0,0
2.68500E-01,9.97579E-01,0,0
2.69000E-01,9.97814E-01,0,0
2.69500E-01,9.98048E-01,0,0
2.70000E-01,9.98282E-01,0,0
2.70500E-01,9.98516E-01,0,0
2.71000E-01,9.98750E-01,0,0
2.71500E-01,9.98982E-01,0,0
2.72000E-01,9.99215E-01,0,0
2.72500E-01,9.99447E-01,0,0
2.73000E-01,9.99679E-01,0,0
2.73500E-01,9.99910E-01,0,0
2.74000E-01,1.00014E+00,0,0
2.74500E-01,1.00037E+00,0,0
2.75000E-01,1.00060E+00,0,0
2.75500E-01,1.00083E+00,0,0
2.76000E-01,1.00106E+00,0,0
2.76500E-01,1.00129E+00,0,0
2.77000E-01,1.00152E+00,0,0
2.77500E-01,1.00174E+00,0,0
2.78000E-01,1.00197E+00,0,0
2.78500E-01,1.00220E+00,0,0
2.79000E-01,1.00243E+00,0,0
2.79500E-01,1.00265E+00,0,0
2.80000E-01,1.00288E+00,0,0
2.80500E-01,1.00310E+00,0,0
2.81000E-01,1.00333E+00,0,0
2.81500E-01,1.00355E+00,0,0
2.82000E-01,1.00378E+00,0,0
2.82500E-01,1.00400E+00,0,0
2.83000E-01,1.00422E+00,0,0
2.83500E-01,1.00445E+00,0,0
2.84000E-01,1.00467E+00,0,0
2.84500E-01,1.00489E+00,0,0
2.85000E-01,1.00511E+00,0,0
2.85500E-01,1.00534E+00,0,0
2.86000E-01,1.00556E+00,0,0
2.86500E-01,1.00578E+00,0,0
2.87000E-01,1.00600E+00,0,0
2.87500E-01,1.00622E+00,0,0
2.88000E-01,1.00644E+00,0,0
2.88500E-01,1.00666E+00,0,0
2.89000E-01,1.00687E+00,0,0
2.89500E-01,1.00709E+00,0,0
2.90000E-01,1.00731E+00,0,0
2.90500E-01,1.00753E+00,0,0
2.91000E-01,1.00775E+00,0,0
2.91500E-01,1.00796E+00,0,0
2.92000E-01,1.00818E+00,0,0
2.92500E-01,1.00840E+00,0,0
2.93000E-01,1.00861E+00,0,0
2.93500E-01,1.00883E+00,0,0
2.94000E-01,1.00904E+00,0,0
2.94500E-01,1.00926E+00,0,0
2.95000E-01,1.00947E+00,0,0
2.95500E-01,1.00969E+00,0,0
2.96000E-01,1.00990E+00,0,0
2.96500E-01,1.01011E+00,0,0
2.97000E-01,1.01032E+00,0,0
2.97500E-01,1.01054E+00,0,0
2.98000E-01,1.01075E+00,0,0
2.98500E-01,1.01096E+00,0,0
2.99000E-01,1.01117E+00,0,0
2.99500E-01,1.01138E+00,0,0
3.00000E-01,1.01159E+00,0,0
3.00500E-01,1.01181E+00,0,0
3.01000E-01,1.01202E+00,0,0
3.01500E-01,1.01222E+00,0,0
3.02000E-01,1.01243E+00,0,0
3.02500E-01,1.01264E+00,0,0
3.03000E-01,1.01285E+00,0,0
3.03500E-01,1.01306E+00,0,0
3.04000E-01,1.01327E+00,0,0
3.04500E-01,1.01348E+00,0,0
3.05000E-01,1.01368E+00,0,0
3.05500E-01,1.01389E+00,0,0
3.06000E-01,1.01410E+00,0,0
3.06500E-01,1.01430E+00,0,0
3.07000E-01,1.01451E+00,0,0
3.07500E-01,1.01471E+00,0,0
3.08000E-01,1.01492E+00,0,0
3.08500E-01,1.01512E+00,0,0
3.09000E-01,1.01533E+00,0,0
3.09500E-01,1.01553E+00,0,0
3.10000E-01,1.01574E+00,0,0
3.10500E-01,1.01594E+00,0,0
3.11000E-01,1.01614E+00,0,0
3.11500E-01,1.01635E+00,0,0
3.12000E-01,1.01655E+00,0,0
3.12500E-01,1.01675E+00,0,0
3.13000E-01,1.01695E+00,0,0
3.13500E-01,1.01716E+00,0,0
3.14000E-01,1.01736E+00,0,0
3.14500E-01,1.01756E+00,0,0
3.15000E-01,1.01776E+00,0,0
3.15500E-01,1.01796E+00,0,0
3.16000E-01,1.01816E+00,0,0
3.16500E-01,1.01836E+00,0,0
3.17000E-01,1.01856E+00,0,0
3.17500E-01,1.01876E+00,0,0
3.18000E-01,1.01896E+00,0,0
3.18500E-01,1.01916E+00,0,0
3.19000E-01,1.01935E+00,0,0
3.19500E-01,1.01955E+00,0,0
3.20000E-01,1.01975E+00,0,0
3.20500E-01,1.01995E+00,0,0
3.21000E-01,1.02014E+00,0,0
3.21500E-01,1.02034E+00,0,0
3.22000E-01,1.02054E+00,0,0
3.22500E-01,1.02073E+00,0,0
3.23000E-01,1.02093E+00,0,0
3.23500E-01,1.02112E+00,0,0
3.24000E-01,1.02132E+00,0,0
3.24500E-01,1.02151E+00,0,0
3.25000E-01,1.02171E+00,0,0
3.25500E-01,1.02190E+00,0,0
3.26000E-01,1.02210E+00,0,0
3.26500E-01,1.02229E+00,0,0
3.27000E-01,1.02248E+00,0,0
3.27500E-01,1.02268E+00,0,0
3.28000E-01,1.02287E+00,0,0
3.28500E-01,1.02306E+00,0,0
3.29000E-01,1.02325E+00,0,0
3.29500E-01,1.02345E+00,0,0
3.30000E-01,1.02364E+00,0,0
3.30500E-01,1.02383E+00,0,0
3.31000E-01,1.02402E+00,0,0
3.31500E-01,1.02421E+00,0,0
3.32000E-01,1.02440E+00,0,0
3.32500E-01,1.02459E+00,0,0
3.33000E-01,1.02478E+00,0,0
3.33500E-01,1.02497E+00,0,0
3.34000E-01,1.02516E+00,0,0
3.34500E-01,1.02535E+00,0,0
3.35000E-01,1.02554E+00,0,0
3.35500E-01,1.02573E+00,0,0
3.36000E-01,1.02591E+00,0,0
3.36500E-01,1.02610E+00,0,0
3.37000E-01,1.02629E+00,0,0
3.37500E-01,1.02648E+00,0,0
3.38000E-01,1.02666E+00,0,0
3.38500E-01,1.02685E+00,0,0
3.39000E-01,1.02704E+00,0,0
3.39500E-01,1.02722E+00,0,0
3.40000E-01,1.02741E+00,0,0
3.40500E-01,1.02759E+00,0,0
3.41000E-01,1.02778E+00,0,0
3.41500E-01,1.02797E+00,0,0
3.42000E-01,1.02815E+00,0,0
3.42500E-01,1.02833E+00,0,0
3.43000E-01,1.02852E+00,0,0
3.43500E-01,1.02870E+00,0,0
3.44000E-01,1.02889E+00,0,0
3.44500E-01,1.02907E+00,0,0
3.45000E-01,1.02925E+00,0,0
3.45500E-01,1.02944E+00,0,0
3.46000E-01,1.02962E+00,0,0
3.46500E-01,1.02980E+00,0,0
3.47000E-01,1.02998E+00,0,0
3.47500E-01,1.03017E+00,0,0
3.48000E-01,1.03035E+00,0,0
3.48500E-01,1.03053E+00,0,0
3.49000E-01,1.03071E+00,0,0
3.49500E-01,1.03089E+00,0,0
3.50000E-01,1.03107E+00,0,0
3.50500E-01,1.03125E+00,0,0
3.51000E-01,1.03143E+00,0,0
3.51500E-01,1.03161E+00,0,0
3.52000E-01,1.03179E+00,0,0
3.52500E-01,1.03197E+00,0,0
3.53000E-01,1.03215E+00,0,0
3.53500E-01,1.03233E+00,0,0
3.54000E-01,1.03251E+00,0,0
3.54500E-01,1.03269E+00,0,0
3.55000E-01,1.03286E+00,0,0
3.55500E-01,1.03304E+00,0,0
3.56000E-01,1.03322E+00,0,0
3.56500E-01,1.03340E+00,0,0
3.57000E-01,1.03357E+00,0,0
3.57500E-01,1.03375E+00,0,0
3.58000E-01,1.03393E+00,0,0
3.58500E-01,1.03410E+00,0,0
3.59000E-01,1.03428E+00,0,0
3.59500E-01,1.03446E+00,0,0
3.60000E-01,1.03463E+00,0,0
3.60500E-01,1.03481E+00,0,0
3.61000E-01,1.03498E+00,0,0
3.61500E-01,1.03516E+00,0,0
3.62000E-01,1.03533E+00,0,0
3.62500E-01,1.03551E+00,0,0
3.63000E-01,1.03568E+00,0,0
3.63500E-01,1.03585E+00,0,0
3.64000E-01,1.03603E+00,0,0
3.64500E-01,1.03620E+00,0,0
3.65000E-01,1.03637E+00,0,0
3.65500E-01,1.03655E+00,0,0
3.66000E-01,1.03672E+00,0,0
3.66500E-01,1.03689E+00,0,0
3.67000E-01,1.03706E+00,0,0
3.67500E-01,1.03724E+00,0,0
3.68000E-01,1.03741E+00,0,0
3.68500E-01,1.03758E+00,0,0
3.69000E-01,1.03775E+00,0,0
3.69500E-01,1.03792E+00,0,0
3.70000E-01,1.03809E+00,0,0
3.70500E-01,1.03826E+00,0,0
3.71000E-01,1.03843E+00,0,0
3.71500E-01,1.03860E+00,0,0
3.72000E-01,1.03877E+00,0,0
3.72500E-01,1.03894E+00,0,0
3.73000E-01,1.03911E+00,0,0
3.73500E-01,1.03928E+00,0,0
3.74000E-01,1.03945E+00,0,0
3.74500E-01,1.03962E+00,0,0
3.75000E-01,1.03979E+00,0,0
3.75500E-01,1.03996E+00,0,0
3.76000E-01,1.04012E+00,0,0
3.76500E-01,1.04029E+00,0,0
3.77000E-01,1.04046E+00,0,0
3.77500E-01,1.04063E+00,0,0
3.78000E-01,1.04080E+00,0,0
3.78500E-01,1.04096E+00,0,0
3.79000E-01,1.04113E+00,0,0
3.79500E-01,1.04130E+00,0,0
3.80000E-01,1.04146E+00,0,0
3.80500E-01,1.04163E+00,0,0
3.81000E-01,1.04179E+00,0,0
3.81500E-01,1.04196E+00,0,0
3.82000E-01,1.04213E+00,0,0
3.82500E-01,1.04229E+00,0,0
3.83000E-01,1.04246E+00,0,0
3.83500E-01,1.04262E+00,0,0
3.84000E-01,1.04279E+00,0,0
3.84500E-01,1.04295E+00,0,0
3.85000E-01,1.04311E+00,0,0
3.85500E-01,1.04328E+00,0,0
3.86000E-01,1.04344E+00,0,0
3.86500E-01,1.04360E+00,0,0
3.87000E-01,1.04377E+00,0,0
3.87500E-01,1.04393E+00,0,0
3.88000E-01,1.04409E+00,0,0
3.88500E-01,1.04426E+00,0,0
3.89000E-01,1.04442E+00,0,0
3.89500E-01,1.04458E+00,0,0
3.90000E-01,1.04474E+00,0,0
3.90500E-01,1.04491E+00,0,0
3.91000E-01,1.04507E+00,0,0
3.91500E-01,1.04523E+00,0,0
3.92000E-01,1.04539E+00,0,0
3.92500E-01,1.04555E+00,0,0
3.93000E-01,1.04571E+00,0,0
3.93500E-01,1.04587E+00,0,0
3.94000E-01,1.04603E+00,0,0
3.94500E-01,1.04619E+00,0,0
3.95000E-01,1.04635E+00,0,0
3.95500E-01,1.04651E+00,0,0
3.96000E-01,1.04667E+00,0,0
3.96500E-01,1.04683E+00,0,0
3.97000E-01,1.04699E+00,0,0
3.97500E-01,1.04715E+00,0,0
3.98000E-01,1.04731E+00,0,0
3.98500E-01,1.04747E+00,0,0
3.99000E-01,1.04763E+00,0,0
3.99500E-01,1.04778E+00,0,0
4.00000E-01,1.04794E+00,0,0
4.00500E-01,1.04810E+00,0,0
4.01000E-01,1.04826E+00,0,0
4.01500E-01,1.04842E+00,0,0
4.02000E-01,1.04857E+00,0,0
4.02500E-01,1.04873E+00,0,0
4.03000E-01,1.04889E+00,0,0
4.03500E-01,1.04904E+00,0,0
4.04000E-01,1.04920E+00,0,0
4.04500E-01,1.04936E+00,0,0
4.05000E-01,1.04951E+00,0,0
4.05500E-01,1.04967E+00,0,0
4.06000E-01,1.04982E+00,0,0
4.06500E-01,1.04998E+00,0,0
4.07000E-01,1.05013E+00,0,0
4.07500E-01,1.05029E+00,0,0
4.08000E-01,1.05044E+00,0,0
4.08500E-01,1.05060E+00,0,0
4.09000E-01,1.05075E+00,0,0
4.09500E-01,1.05091E+00,0,0
4.10000E-01,1.05106E+00,0,0
4.10500E-01,1.05122E+00,0,0
4.11000E-01,1.05137E+00,0,0
4.11500E-01,1.05152E+00,0,0
4.12000E-01,1.05168E+00,0,0
4.12500E-01,1.05183E+00,0,0
4.13000E-01,1.05198E+00,0,0
4.13500E-01,1.05214E+00,0,0
4.14000E-01,1.05229E+00,0,0
4.14500E-01,1.05244E+00,0,0
4.15000E-01,1.05259E+00,0,0
4.15500E-01,1.05275E+00,0,0
4.16000E-01,1.05290E+00,0,0
4.16500E-01,1.05305E+00,0,0
4.17000E-01,1.05320E+00,0,0
4.17500E-01,1.05335E+00,0,0
4.18000E-01,1.05350E+00,0,0
4.18500E-01,1.05366E+00,0,0
4.19000E-01,1.05381E+00,0,0
4.19500E-01,1.05396E+00,0,0
4.20000E-01,1.05411E+00,0,0
4.20500E-01,1.05426E+00,0,0
4.21000E-01,1.05441E+00,0,0
4.21500E-01,1.05456E+00,0,0
4.22000E-01,1.05471E+00,0,0
4.22500E-01,1.05486E+00,0,0
4.23000E-01,1.05501E+00,0,0
4.23500E-01,1.05516E+00,0,0
4.24000E-01,1.05531E+00,0,0
4.24500E-01,1.05545E+00,0,0
4.25000E-01,1.05560E+00,0,0
4.25500E-01,1.05575E+00,0,0
4.26000E-01,1.05590E+00,0,0
4.26500E-01,1.05605E+00,0,0
4.27000E-01,1.05620E+00,0,0
4.27500E-01,1.05634E+00,0,0
4.28000E-01,1.05649E+00,0,0
4.28500E-01,1.05664E+00,0,0
4.29000E-01,1.05679E+00,0,0
4.29500E-01,1.05693E+00,0,0
4.30000E-01,1.05708E+00,0,0
4.30500E-01,1.05723E+00,0,0
4.31000E-01,1.05737E+00,0,0
4.31500E-01,1.05752E+00,0,0
4.32000E-01,1.05767E+00,0,0
4.32500E-01,1.05781E+00,0,0
4.33000E-01,1.05796E+00,0,0
4.33500E-01,1.05810E+00,0,0
4.34000E-01,1.05825E+00,0,0
4.34500E-01,1.05840E+00,0,0
4.35000E-01,1.05854E+00,0,0
4.35500E-01,1.05869E+00,0,0
4.36000E-01,1.05883E+00,0,0
4.36500E-01,1.05898E+00,0,0
4.37000E-01,1.05912E+00,0,0
4.37500E-01,1.05927E+00,0,0
4.38000E-01,1.05941E+00,0,0
4.38500E-01,1.05955E+00,0,0
4.39000E-01,1.05970E+00,0,0
4.39500E-01,1.05984E+00,0,0
4.40000E-01,1.05999E+00,0,0
4.40500E-01,1.06013E+00,0,0
4.41000E-01,1.06027E+00,0,0
4.41500E-01,1.06042E+00,0,0
4.42000E-01,1.06056E+00,0,0
4.42500E-01,1.06070E+00,0,0
4.43000E-01,1.06084E+00,0,0
4.43500E-01,1.06099E+00,0,0
4.44000E-01,1.06113E+00,0,0
4.44500E-01,1.06127E+00,0,0
4.45000E-01,1.06141E+00,0,0
4.45500E-01,1.06155E+00,0,0
4.46000E-01,1.06170E+00,0,0
4.46500E-01,1.06184E+00,0,0
4.47000E-01,1.06198E+00,0,0
4.47500E-01,1.06212E+00,0,0
4.48000E-01,1.06226E+00,0,0
4.48500E-01,1.06240E+00,0,0
4.49000E-01,1.06254E+00,0,0
4.49500E-01,1.06268E+00,0,0
4.50000E-01,1.06282E+00,0,0
4.50500E-01,1.06296E+00,0,0
4.51000E-01,1.06311E+00,0,0
4.51500E-01,1.06325E+00,0,0
4.52000E-01,1.06338E+00,0,0
4.52500E-01,1.06352E+00,0,0
4.53000E-01,1.06366E+00,0,0
4.53500E-01,1.06380E+00,0,0
4.54000E-01,1.06394E+00,0,0
4.54500E-01,1.06408E+00,0,0
4.55000E-01,1.06422E+00,0,0
4.55500E-01,1.06436E+00,0,0
4.56000E-01,1.06450E+00,0,0
4.56500E-01,1.06464E+00,0,0
4.57000E-01,1.06477E+00,0,0
4.57500E-01,1.06491E+00,0,0
4.58000E-01,1.06505E+00,0,0
4.58500E-01,1.06519E+00,0,0
4.59000E-01,1.06533E+00,0,0
4.59500E-01,1.06546E+00,0,0
4.60000E-01,1.06560E+00,0,0
4.60500E-01,1.06574E+00,0,0
4.61000E-01,1.06588E+00,0,0
4.61500E-01,1.06601E+00,0,0
4.62000E-01,1.06615E+00,0,0
4.62500E-01,1.06629E+00,0,0
4.63000E-01,1.06642E+00,0,0
4.63500E-01,1.06656E+00,0,0
4.64000E-01,1.06670E+00,0,0
4.64500E-01,1.06683E+00,0,0
4.65000E-01,1.06697E+00,0,0
4.65500E-01,1.06710E+00,0,0
4.66000E-01,1.06724E+00,0,0
4.66500E-01,1.06737E+00,0,0
4.67000E-01,1.06751E+00,0,0
4.67500E-01,1.06765E+00,0,0
4.68000E-01,1.06778E+00,0,0
4.68500E-01,1.06792E+00,0,0
4.69000E-01,1.06805E+00,0,0
4.69500E-01,1.06818E+00,0,0
4.70000E-01,1.06832E+00,0,0
4.70500E-01,1.06845E+00,0,0
4.71000E-01,1.06859E+00,0,0
4.71500E-01,1.06872E+00,0,0
4.72000E-01,1.06886E+00,0,0
4.72500E-01,1.06899E+00,0,0
4.73000E-01,1.06912E+00,0,0
4.73500E-01,1.06926E+00,0,0
4.74000E-01,1.06939E+00,0,0
4.74500E-01,1.06952E+00,0,0
4.75000E-01,1.06966E+00,0,0
4.75500E-01,1.06979E+00,0,0
4.76000E-01,1.06992E+00,0,0
4.76500E-01,1.07005E+00,0,0
4.77000E-01,1.07019E+00,0,0
4.77500E-01,1.07032E+00,0,0
4.78000E-01,1.07045E+00,0,0
4.78500E-01,1.07058E+00,0,0
4.79000E-01,1.07072E+00,0,0
4.79500E-01,1.07085E+00,0,0
4.80000E-01,1.07098E+00,0,0
4.80500E-01,1.07111E+00,0,0
4.81000E-01,1.07124E+00,0,0
4.81500E-01,1.07137E+00,0,0
4.82000E-01,1.07150E+00,0,0
4.82500E-01,1.07164E+00,0,0
4.83000E-01,1.07177E+00,0,0
4.83500E-01,1.07190E+00,0,0
4.84000E-01,1.07203E+00,0,0
4.84500E-01,1.07216E+00,0,0
4.85000E-01,1.07229E+00,0,0
4.85500E-01,1.07242E+00,0,0
4.86000E-01,1.07255E+00,0,0
4.86500E-01,1.07268E+00,0,0
4.87000E-01,1.07281E+00,0,0
4.87500E-01,1.07294E+00,0,0
4.88000E-01,1.07307E+00,0,0
4.88500E-01,1.07320E+00,0,0
4.89000E-01,1.07333E+00,0,0
4.89500E-01,1.07346E+00,0,0
4.90000E-01,1.07358E+00,0,0
4.90500E-01,1.07371E+00,0,0
4.91000E-01,1.07384E+00,0,0
4.91500E-01,1.07397E+00,0,0
4.92000E-01,1.07410E+00,0,0
4.92500E-01,1.07423E+00,0,0
4.93000E-01,1.07436E+00,0,0
4.93500E-01,1.07448E+00,0,0
4.94000E-01,1.07461E+00,0,0
4.94500E-01,1.07474E+00,0,0
4.95000E-01,1.07487E+00,0,0
4.95500E-01,1.07499E+00,0,0
4.96000E-01,1.07512E+00,0,0
4.96500E-01,1.07525E+00,0,0
4.97000E-01,1.07538E+00,0,0
4.97500E-01,1.07550E+00,0,0
4.98000E-01,1.07563E+00,0,0
4.98500E-01,1.07576E+00,0,0
4.99000E-01,1.07588E+00,0,0
4.99500E-01,1.07601E+00,0,0
5.00000E-01,1.07614E+00,0,0
5.00500E-01,1.07626E+00,0,0
5.01000E-01,1.07639E+00,0,0
5.01500E-01,1.07652E+00,0,0
5.02000E-01,1.07664E+00,0,0
5.02500E-01,1.07677E+00,0,0
5.03000E-01,1.07689E+00,0,0
5.03500E-01,1.07702E+00,0,0
5.04000E-01,1.07714E+00,0,0
5.04500E-01,1.07727E+00,0,0
5.05000E-01,1.07739E+00,0,0
5.05500E-01,1.07752E+00,0,0
5.06000E-01,1.07764E+00,0,0
5.06500E-01,1.07777E+00,0,0
5.07000E-01,1.07789E+00,0,0
5.07500E-01,1.07802E+00,0,0
5.08000E-01,1.07814E+00,0,0
5.08500E-01,1.07827E+00,0,0
5.09000E-01,1.07839E+00,0,0
5.09500E-01,1.07851E+00,0,0
5.10000E-01,1.07864E+00,0,0
5.10500E-01,1.07876E+00,0,0
5.11000E-01,1.07889E+00,0,0
5.11500E-01,1.07901E+00,0,0
5.12000E-01,1.07913E+00,0,0
5.12500E-01,1.07926E+00,0,0
5.13000E-01,1.07938E+00,0,0
5.13500E-01,1.07950E+00,0,0
5.14000E-01,1.07963E+00,0,0
5.14500E-01,1.07975E+00,0,0
5.15000E-01,1.07987E+00,0,0
5.15500E-01,1.07999E+00,0,0
5.16000E-01,1.08012E+00,0,0
5.16500E-01,1.08024E+00,0,0
5.17000E-01,1.08036E+00,0,0
5.17500E-01,1.08048E+00,0,0
5.18000E-01,1.08061E+00,0,0
5.18500E-01,1.08073E+00,0,0
5.19000E-01,1.08085E+00,0,0
5.19500E-01,1.08097E+00,0,0
5.20000E-01,1.08109E+00,0,0
5.20500E-01,1.08121E+00,0,0
5.21000E-01,1.08134E+00,0,0
5.21500E-01,1.08146E+00,0,0
5.22000E-01,1.08158E+00,0,0
5.22500E-01,1.08170E+00,0,0
5.23000E-01,1.08182E+00,0,0
5.23500E-01,1.08194E+00,0,0
5.24000E-01,1.08206E+00,0,0
5.24500E-01,1.08218E+00,0,0
5.25000E-01,1.08230E+00,0,0
5.25500E-01,1.08242E+00,0,0
5.26000E-01,1.08254E+00,0,0
5.26500E-01,1.08266E+00,0,0
5.27000E-01,1.08278E+00,0,0
5.27500E-01,1.08290E+00,0,0
5.28000E-01,1.08302E+00,0,0
5.28500E-01,1.08314E+00,0,0
5.29000E-01,1.08326E+00,0,0
5.29500E-01,1.08338E+00,0,0
5.30000E-01,1.08350E+00,0,0
5.30500E-01,1.08362E+00,0,0
5.31000E-01,1.08374E+00,0,0
5.31500E-01,1.08386E+00,0,0
5.32000E-01,1.08397E+00,0,0
5.32500E-01,1.08409E+00,0,0
5.33000E-01,1.08421E+00,0,0
5.33500E-01,1.08433E+00,0,0
5.34000E-01,1.08445E+00,0,0
5.34500E-01,1.08457E+00,0,0
5.35000E-01,1.08469E+00,0,0
5.35500E-01,1.08480E+00,0,0
5.36000E-01,1.08492E+00,0,0
5.36500E-01,1.08504E+00,0,0
5.37000E-01,1.08516E+00,0,0
5.37500E-01,1.08527E+00,0,0
5.38000E-01,1.08539E+00,0,0
5.38500E-01,1.08551E+00,0,0
5.39000E-01,1.08563E+00,0,0
5.39500E-01,1.08574E+00,0,0
5.40000E-01,1.08586E+00,0,0
5.40500E-01,1.08598E+00,0,0
5.41000E-01,1.08609E+00,0,0
5.41500E-01,1.08621E+00,0,0
5.42000E-01,1.08633E+00,0,0
5.42500E-01,1.08644E+00,0,0
5.43000E-01,1.08656E+00,0,0
5.43500E-01,1.08668E+00,0,0
5.44000E-01,1.08679E+00,0,0
5.44500E-01,1.08691E+00,0,0
5.45000E-01,1.08703E+00,0,0
5.45500E-01,1.08714E+00,0,0
5.46000E-01,1.08726E+00,0,0
5.46500E-01,1.08737E+00,0,0
5.47000E-01,1.08749E+00,0,0
5.47500E-01,1.08760E+00,0,0
5.48000E-01,1.08772E+00,0,0
5.48500E-01,1.08783E+00,0,0
5.49000E-01,1.08795E+00,0,0
5.49500E-01,1.08806E+00,0,0
5.50000E-01,1.08818E+00,0,0
5.50500E-01,1.08829E+00,0,0
5.51000E-01,1.08841E+00,0,0
5.51500E-01,1.08852E+00,0,0
5.52000E-01,1.08864E+00,0,0
5.52500E-01,1.08875E+00,0,0
5.53000E-01,1.08887E+00,0,0
5.53500E-01,1.08898E+00,0,0
5.54000E-01,1.08909E+00,0,0
5.54500E-01,1.08921E+00,0,0
5.55000E-01,1.08932E+00,0,0
5.55500E-01,1.08944E+00,0,0
5.56000E-01,1.08955E+00,0,0
5.56500E-01,1.08966E+00,0,0
5.57000E-01,1.08978E+00,0,0
5.57500E-01,1.08989E+00,0,0
5.58000E-01,1.09000E+00,0,0
5.58500E-01,1.09012E+00,0,0
5.59000E-01,1.09023E+00,0,0
5.59500E-01,1.09034E+00,0,0
5.60000E-01,1.09046E+00,0,0
5.60500E-01,1.09057E+00,0,0
5.61000E-01,1.09068E+00,0,0
5.61500E-01,1.09079E+00,0,0
5.62000E-01,1.09091E+00,0,0
5.62500E-01,1.09102E+00,0,0
5.63000E-01,1.09113E+00,0,0
5.63500E-01,1.09124E+00,0,0
5.64000E-01,1.09136E+00,0,0
5.64500E-01,1.09147E+00,0,0
5.65000E-01,1.09158E+00,0,0
5.65500E-01,1.09169E+00,0,0
5.66000E-01,1.09180E+00,0,0
5.66500E-01,1.09191E+00,0,0
5.67000E-01,1.09203E+00,0,0
5.67500E-01,1.09214E+00,0,0
5.68000E-01,1.09225E+00,0,0
5.68500E-01,1.09236E+00,0,0
5.69000E-01,1.09247E+00,0,0
5.69500E-01,1.09258E+00,0,0
5.70000E-01,1.09269E+00,0,0
5.70500E-01,1.09280E+00,0,0
5.71000E-01,1.09291E+00,0,0
5.71500E-01,1.09302E+00,0,0
5.72000E-01,1.09313E+00,0,0
5.72500E-01,1.09324E+00,0,0
5.73000E-01,1.09336E+00,0,0
5.73500E-01,1.09347E+00,0,0
5.74000E-01,1.09358E+00,0,0
5.74500E-01,1.09369E+00,0,0
5.75000E-01,1.09380E+00,0,0
5.75500E-01,1.09391E+00,0,0
5.76000E-01,1.09402E+00,0,0
5.76500E-01,1.09412E+00,0,0
5.77000E-01,1.09423E+00,0,0
5.77500E-01,1.09434E+00,0,0
5.78000E-01,1.09445E+00,0,0
5.78500E-01,1.09456E+00,0,0
5.79000E-01,1.09467E+00,0,0
5.79500E-01,1.09478E+00,0,0
5.80000E-01,1.09489E+00,0,0
5.80500E-01,1.09500E+00,0,0
5.81000E-01,1.09511E+00,0,0
5.81500E-01,1.09522E+00,0,0
5.82000E-01,1.09532E+00,0,0
5.82500E-01,1.09543E+00,0,0
5.83000E-01,1.09554E+00,0,0
5.83500E-01,1.09565E+00,0,0
5.84000E-01,1.09576E+00,0,0
5.84500E-01,1.09587E+00,0,0
5.85000E-01,1.09597E+00,0,0
5.85500E-01,1.09608E+00,0,0
5.86000E-01,1.09619E+00,0,0
5.86500E-01,1.09630E+00,0,0
5.87000E-01,1.09641E+00,0,0
5.87500E-01,1.09651E+00,0,0
5.88000E-01,1.09662E+00,0,0
5.88500E-01,1.09673E+00,0,0
5.89000E-01,1.09684E+00,0,0
5.89500E-01,1.09694E+00,0,0
5.90000E-01,1.09705E+00,0,0
5.90500E-01,1.09716E+00,0,0
5.91000E-01,1.09726E+00,0,0
5.91500E-01,1.09737E+00,0,0
5.92000E-01,1.09748E+00,0,0
5.92500E-01,1.09758E+00,0,0
5.93000E-01,1.09769E+00,0,0
5.93500E-01,1.09780E+00,0,0
5.94000E-01,1.09790E+00,0,0
5.94500E-01,1.09801E+00,0,0
5.95000E-01,1.09812E+00,0,0
5.95500E-01,1.09822E+00,0,0
5.96000E-01,1.09833E+00,0,0
5.96500E-01,1.09843E+00,0,0
5.97000E-01,1.09854E+00,0,0
5.97500E-01,1.09865E+00,0,0
5.98000E-01,1.09875E+00,0,0
5.98500E-01,1.09886E+00,0,0
5.99000E-01,1.09896E+00,0,0
5.99500E-01,1.09907E+00,0,0
6.00000E-01,1.09917E+00,0,0
6.00500E-01,1.09928E+00,0,0
6.01000E-01,1.09938E+00,0,0
6.01500E-01,1.09949E+00,0,0
6.02000E-01,1.09959E+00,0,0
6.02500E-01,1.09970E+00,0,0
6.03000E-01,1.09980E+00,0,0
6.03500E-01,1.09991E+00,0,0
6.04000E-01,1.10001E+00,0,0
6.04500E-01,1.10012E+00,0,0
6.05000E-01,1.10022E+00,0,0
6.05500E-01,1.10033E+00,0,0
6.06000E-01,1.10043E+00,0,0
6.06500E-01,1.10053E+00,0,0
6.07000E-01,1.10064E+00,0,0
6.07500E-01,1.10074E+00,0,0
6.08000E-01,1.10085E+00,0,0
6.08500E-01,1.10095E+00,0,0
6.09000E-01,1.10105E+00,0,0
6.09500E-01,1.10116E+00,0,0
6.10000E-01,1.10126E+00,0,0
6.10500E-01,1.10136E+00,0,0
6.11000E-01,1.10147E+00,0,0
6.11500E-01,1.10157E+00,0,0
6.12000E-01,1.10167E+00,0,0
6.12500E-01,1.10178E+00,0,0
6.13000E-01,1.10188E+00,0,0
6.13500E-01,1.10198E+00,0,0
6.14000E-01,1.10209E+00,0,0
6.14500E-01,1.10219E+00,0,0
6.15000E-01,1.10229E+00,0,0
6.15500E-01,1.10240E+00,0,0
6.16000E-01,1.10250E+00,0,0
6.16500E-01,1.10260E+00,0,0
6.17000E-01,1.10270E+00,0,0
6.17500E-01,1.10281E+00,0,0
6.18000E-01,1.10291E+00,0,0
6.18500E-01,1.10301E+00,0,0
6.19000E-01,1.10311E+00,0,0
6.19500E-01,1.10321E+00,0,0
6.20000E-01,1.10332E+00,0,0
6.20500E-01,1.10342E+00,0,0
6.21000E-01,1.10352E+00,0,0
6.21500E-01,1.10362E+00,0,0
6.22000E-01,1.10372E+00,0,0
6.22500E-01,1.10382E+00,0,0
6.23000E-01,1.10393E+00,0,0
6.23500E-01,1.10403E+00,0,0
6.24000E-01,1.10413E+00,0,0
6.24500E-01,1.10423E+00,0,0
6.25000E-01,1.10433E+00,0,0
6.25500E-01,1.10443E+00,0,0
6.26000E-01,1.10453E+00,0,0
6.26500E-01,1.10463E+00,0,0
6.27000E-01,1.10473E+00,0,0
6.27500E-01,1.10484E+00,0,0
6.28000E-01,1.10494E+00,0,0
6.28500E-01,1.10504E+00,0,0
6.29000E-01,1.10514E+00,0,0
6.29500E-01,1.10524E+00,0,0
6.30000E-01,1.10534E+00,0,0
6.30500E-01,1.10544E+00,0,0
6.31000E-01,1.10554E+00,0,0
6.31500E-01,1.10564E+00,0,0
6.32000E-01,1.10574E+00,0,0
6.32500E-01,1.10584E+00,0,0
6.33000E-01,1.10594E+00,0,0
6.33500E-01,1.10604E+00,0,0
6.34000E-01,1.10614E+00,0,0
6.34500E-01,1.10624E+00,0,0
6.35000E-01,1.10634E+00,0,0
6.35500E-01,1.10644E+00,0,0
6.36000E-01,1.10654E+00,0,0
6.36500E-01,1.10663E+00,0,0
6.37000E-01,1.10673E+00,0,0
6.37500E-01,1.10683E+00,0,0
6.38000E-01,1.10693E+00,0,0
6.38500E-01,1.10703E+00,0,0
6.39000E-01,1.10713E+00,0,0
6.39500E-01,1.10723E+00,0,0
6.40000E-01,1.10733E+00,0,0
6.40500E-01,1.10743E+00,0,0
6.41000E-01,1.10752E+00,0,0
6.41500E-01,1.10762E+00,0,0
6.42000E-01,1.10772E+00,0,0
6.42500E-01,1.10782E+00,0,0
6.43000E-01,1.10792E+00,0,0
6.43500E-01,1.10802E+00,0,0
6.44000E-01,1.10811E+00,0,0
6.44500E-01,1.10821E+00,0,0
6.45000E-01,1.10831E+00,0,0
6.45500E-01,1.10841E+00,0,0
6.46000E-01,1.10851E+00,0,0
6.46500E-01,1.10860E+00,0,0
6.47000E-01,1.10870E+00,0,0
6.47500E-01,1.10880E+00,0,0
6.48000E-01,1.10890E+00,0,0
6.48500E-01,1.10899E+00,0,0
6.49000E-01,1.10909E+00,0,0
6.49500E-01,1.10919E+00,0,0
6.50000E-01,1.10929E+00,0,0
6.50500E-01,1.10938E+00,0,0
6.51000E-01,1.10948E+00,0,0
6.51500E-01,1.10958E+00,0,0
6.52000E-01,1.10967E+00,0,0
6.52500E-01,1.10977E+00,0,0
6.53000E-01,1.10987E+00,0,0
6.53500E-01,1.10996E+00,0,0
6.54000E-01,1.11006E+00,0,0
6.54500E-01,1.11016E+00,0,0
6.55000E-01,1.11025E+00,0,0
6.55500E-01,1.11035E+00,0,0
6.56000E-01,1.11045E+00,0,0
6.56500E-01,1.11054E+00,0,0
6.57000E-01,1.11064E+00,0,0
6.57500E-01,1.11074E+00,0,0
6.58000E-01,1.11083E+00,0,0
6.58500E-01,1.11093E+00,0,0
6.59000E-01,1.11102E+00,0,0
6.59500E-01,1.11112E+00,0,0
6.60000E-01,1.11122E+00,0,0
6.60500E-01,1.11131E+00,0,0
6.61000E-01,1.11141E+00,0,0
6.61500E-01,1.11150E+00,0,0
6.62000E-01,1.11160E+00,0,0
6.62500E-01,1.11169E+00,0,0
6.63000E-01,1.11179E+00,0,0
6.63500E-01,1.11188E+00,0,0
6.64000E-01,1.11198E+00,0,0
6.64500E-01,1.11207E+00,0,0
6.65000E-01,1.11217E+00,0,0
6.65500E-01,1.11226E+00,0,0
6.66000E-01,1.11236E+00,0,0
6.66500E-01,1.11245E+00,0,0
6.67000E-01,1.11255E+00,0,0
6.67500E-01,1.11264E+00,0,0
6.68000E-01,1.11274E+00,0,0
6.68500E-01,1.11283E+00,0,0
6.69000E-01,1.11293E+00,0,0
6.69500E-01,1.11302E+00,0,0
6.70000E-01,1.11312E+00,0,0
6.70500E-01,1.11321E+00,0,0
6.71000E-01,1.11330E+00,0,0
6.71500E-01,1.11340E+00,0,0
6.72000E-01,1.11349E+00,0,0
6.72500E-01,1.11359E+00,0,0
6.73000E-01,1.11368E+00,0,0
6.73500E-01,1.11377E+00,0,0
6.74000E-01,1.11387E+00,0,0
6.74500E-01,1.11396E+00,0,0
6.75000E-01,1.11405E+00,0,0
6.75500E-01,1.11415E+00,0,0
6.76000E-01,1.11424E+00,0,0
6.76500E-01,1.11434E+00,0,0
6.77000E-01,1.11443E+00,0,0
6.77500E-01,1.11452E+00,0,0
6.78000E-01,1.11461E+00,0,0
6.78500E-01,1.11471E+00,0,0
6.79000E-01,1.11480E+00,0,0
6.79500E-01,1.11489E+00,0,0
6.80000E-01,1.11499E+00,0,0
6.80500E-01,1.11508E+00,0,0
6.81000E-01,1.11517E+00,0,0
6.81500E-01,1.11527E+00,0,0
6.82000E-01,1.11536E+00,0,0
6.82500E-01,1.11545E+00,0,0
6.83000E-01,1.11554E+00,0,0
6.83500E-01,1.11564E+00,0,0
6.84000E-01,1.11573E+00,0,0
6.84500E-01,1.11582E+00,0,0
6.85000E-01,1.11591E+00,0,0
6.85500E-01,1.11600E+00,0,0
6.86000E-01,1.11610E+00,0,0
6.86500E-01,1.11619E+00,0,0
6.87000E-01,1.11628E+00,0,0
6.87500E-01,1.11637E+00,0,0
6.88000E-01,1.11646E+00,0,0
6.88500E-01,1.11656E+00,0,0
6.89000E-01,1.11665E+00,0,0
6.89500E-01,1.11674E+00,0,0
6.90000E-01,1.11683E+00,0,0
6.90500E-01,1.11692E+00,0,0
6.91000E-01,1.11701E+00,0,0
6.91500E-01,1.11711E+00,0,0
6.92000E-01,1.11720E+00,0,0
6.92500E-01,1.11729E+00,0,0
6.93000E-01,1.11738E+00,0,0
6.93500E-01,1.11747E+00,0,0
6.94000E-01,1.11756E+00,0,0
6.94500E-01,1.11765E+00,0,0
6.95000E-01,1.11774E+00,0,0
6.95500E-01,1.11783E+00,0,0
6.96000E-01,1.11793E+00,0,0
6.96500E-01,1.11802E+00,0,0
6.97000E-01,1.11811E+00,0,0
6.97500E-01,1.11820E+00,0,0
6.98000E-01,1.11829E+00,0,0
6.98500E-01,1.11838E+00,0,0
6.99000E-01,1.11847E+00,0,0
6.99500E-01,1.11856E+00,0,0
7.00000E-01,1.11865E+00,0,0
7.00500E-01,1.11874E+00,0,0
7.01000E-01,1.11883E+00,0,0
7.01500E-01,1.11892E+00,0,0
7.02000E-01,1.11901E+00,0,0
7.02500E-01,1.11910E+00,0,0
7.03000E-01,1.11919E+00,0,0
7.03500E-01,1.11928E+00,0,0
7.04000E-01,1.11937E+00,0,0
7.04500E-01,1.11946E+00,0,0
7.05000E-01,1.11955E+00,0,0
7.05500E-01,1.11964E+00,0,0
7.06000E-01,1.11973E+00,0,0
7.06500E-01,1.11982E+00,0,0
7.07000E-01,1.11991E+00,0,0
7.07500E-01,1.12000E+00,0,0
7.08000E-01,1.12009E+00,0,0
7.08500E-01,1.12017E+00,0,0
7.09000E-01,1.12026E+00,0,0
7.09500E-01,1.12035E+00,0,0
7.10000E-01,1.12044E+00,0,0
7.10500E-01,1.12053E+00,0,0
7.11000E-01,1.12062E+00,0,0
7.11500E-01,1.12071E+00,0,0
7.12000E-01,1.12080E+00,0,0
7.12500E-01,1.12089E+00,0,0
7.13000E-01,1.12097E+00,0,0
7.13500E-01,1.12106E+00,0,0
7.14000E-01,1.12115E+00,0,0
7.14500E-01,1.12124E+00,0,0
7.15000E-01,1.12133E+00,0,0
7.15500E-01,1.12142E+00,0,0
7.16000E-01,1.12151E+00,0,0
7.16500E-01,1.12159E+00,0,0
7.17000E-01,1.12168E+00,0,0
7.17500E-01,1.12177E+00,0,0
7.18000E-01,1.12186E+00,0,0
7.18500E-01,1.12195E+00,0,0
7.19000E-01,1.12203E+00,0,0
7.19500E-01,1.12212E+00,0,0
7.20000E-01,1.12221E+00,0,0
7.20500E-01,1.12230E+00,0,0
7.21000E-01,1.12238E+00,0,0
7.21500E-01,1.12247E+00,0,0
7.22000E-01,1.12256E+00,0,0
7.22500E-01,1.12265E+00,0,0
7.23000E-01,1.12273E+00,0,0
7.23500E-01,1.12282E+00,0,0
7.24000E-01,1.12291E+00,0,0
7.24500E-01,1.12300E+00,0,0
7.25000E-01,1.12308E+00,0,0
7.25500E-01,1.12317E+00,0,0
7.26000E-01,1.12326E+00,0,0
7.26500E-01,1.12334E+00,0,0
7.27000E-01,1.12343E+00,0,0
7.27500E-01,1.12352E+00,0,0
7.28000E-01,1.12361E+00,0,0
7.28500E-01,1.12369E+00,0,0
7.29000E-01,1.12378E+00,0,0
7.29500E-01,1.12387E+00,0,0
7.30000E-01,1.12395E+00,0,0
7.30500E-01,1.12404E+00,0,0
7.31000E-01,1.12412E+00,0,0
7.31500E-01,1.12421E+00,0,0
7.32000E-01,1.12430E+00,0,0
7.32500E-01,1.12438E+00,0,0
7.33000E-01,1.12447E+00,0,0
7.33500E-01,1.12456E+00,0,0
7.34000E-01,1.12464E+00,0,0
7.34500E-01,1.12473E+00,0,0
7.35000E-01,1.12481E+00,0,0
7.35500E-01,1.12490E+00,0,0
7.36000E-01,1.12499E+00,0,0
7.36500E-01,1.12507E+00,0,0
7.37000E-01,1.12516E+00,0,0
7.37500E-01,1.12524E+00,0,0
7.38000E-01,1.12533E+00,0,0
7.38500E-01,1.12541E+00,0,0
7.39000E-01,1.12550E+00,0,0
7.39500E-01,1.12559E+00,0,0
7.40000E-01,1.12567E+00,0,0
7.40500E-01,1.12576E+00,0,0
7.41000E-01,1.12584E+00,0,0
7.41500E-01,1.12593E+00,0,0
7.42000E-01,1.12601E+00,0,0
7.42500E-01,1.12610E+00,0,0
7.43000E-01,1.12618E+00,0,0
7.43500E-01,1.12627E+00,0,0
7.44000E-01,1.12635E+00,0,0
7.44500E-01,1.12644E+00,0,0
7.45000E-01,1.12652E+00,0,0
7.45500E-01,1.12661E+00,0,0
7.46000E-01,1.12669E+00,0,0
7.46500E-01,1.12678E+00,0,0
7.47000E-01,1.12686E+00,0,0
7.47500E-01,1.12694E+00,0,0
7.48000E-01,1.12703E+00,0,0
7.48500E-01,1.12711E+00,0,0
7.49000E-01,1.12720E+00,0,0
7.49500E-01,1.12728E+00,0,0
7.50000E-01,1.12737E+00,0,0
7.50500E-01,1.12745E+00,0,0
7.51000E-01,1.12754E+00,0,0
7.51500E-01,1.12762E+00,0,0
7.52000E-01,1.12770E+00,0,0
7.52500E-01,1.12779E+00,0,0
7.53000E-01,1.12787E+00,0,0
7.53500E-01,1.12796E+00,0,0
7.54000E-01,1.12804E+00,0,0
7.54500E-01,1.12812E+00,0,0
7.55000E-01,1.12821E+00,0,0
7.55500E-01,1.12829E+00,0,0
7.56000E-01,1.12837E+00,0,0
7.56500E-01,1.12846E+00,0,0
7.57000E-01,1.12854E+00,0,0
7.57500E-01,1.12862E+00,0,0
7.58000E-01,1.12871E+00,0,0
7.58500E-01,1.12879E+00,0,0
7.59000E-01,1.12887E+00,0,0
7.59500E-01,1.12896E+00,0,0
7.60000E-01,1.12904E+00,0,0
7.60500E-01,1.12912E+00,0,0
7.61000E-01,1.12921E+00,0,0
7.61500E-01,1.12929E+00,0,0
7.62000E-01,1.12937E+00,0,0
7.62500E-01,1.12946E+00,0,0
7.63000E-01,1.12954E+00,0,0
7.63500E-01,1.12962E+00,0,0
7.64000E-01,1.12970E+00,0,0
7.64500E-01,1.12979E+00,0,0
7.65000E-01,1.12987E+00,0,0
7.65500E-01,1.12995E+00,0,0
7.66000E-01,1.13003E+00,0,0
7.66500E-01,1.13012E+00,0,0
7.67000E-01,1.13020E+00,0,0
7.67500E-01,1.13028E+00,0,0
7.68000E-01,1.13036E+00,0,0
7.68500E-01,1.13045E+00,0,0
7.69000E-01,1.13053E+00,0,0
7.69500E-01,1.13061E+00,0,0
7.70000E-01,1.13069E+00,0,0
7.70500E-01,1.13077E+00,0,0
7.71000E-01,1.13086E+00,0,0
7.71500E-01,1.13094E+00,0,0
7.72000E-01,1.13102E+00,0,0
7.72500E-01,1.13110E+00,0,0
7.73000E-01,1.13118E+00,0,0
7.73500E-01,1.13126E+00,0,0
7.74000E-01,1.13135E+00,0,0
7.74500E-01,1.13143E+00,0,0
7.75000E-01,1.13151E+00,0,0
7.75500E-01,1.13159E+00,0,0
7.76000E-01,1.13167E+00,0,0
7.76500E-01,1.13175E+00,0,0
7.77000E-01,1.13184E+00,0,0
7.77500E-01,1.13192E+00,0,0
7.78000E-01,1.13200E+00,0,0
7.78500E-01,1.13208E+00,0,0
7.79000E-01,1.13216E+00,0,0
7.79500E-01,1.13224E+00,0,0
7.80000E-01,1.13232E+00,0,0
7.80500E-01,1.13240E+00,0,0
7.81000E-01,1.13248E+00,0,0
7.81500E-01,1.13257E+00,0,0
7.82000E-01,1.13265E+00,0,0
7.82500E-01,1.13273E+00,0,0
7.83000E-01,1.13281E+00,0,0
7.83500E-01,1.13289E+00,0,0
7.84000E-01,1.13297E+00,0,0
7.84500E-01,1.13305E+00,0,0
7.85000E-01,1.13313E+00,0,0
7.85500E-01,1.13321E+00,0,0
7.86000E-01,1.13329E+00,0,0
7.86500E-01,1.13337E+00,0,0
7.87000E-01,1.13345E+00,0,0
7.87500E-01,1.13353E+00,0,0
7.88000E-01,1.13361E+00,0,0
7.88500E-01,1.13369E+00,0,0
7.89000E-01,1.13377E+00,0,0
7.89500E-01,1.13385E+00,0,0
7.90000E-01,1.13393E+00,0,0
7.90500E-01,1.13401E+00,0,0
7.91000E-01,1.13409E+00,0,0
7.91500E-01,1.13417E+00,0,0
7.92000E-01,1.13425E+00,0,0
7.92500E-01,1.13433E+00,0,0
7.93000E-01,1.13441E+00,0,0
7.93500E-01,1.13449E+00,0,0
7.94000E-01,1.13457E+00,0,0
7.94500E-01,1.13465E+00,0,0
7.95000E-01,1.13473E+00,0,0
7.95500E-01,1.13481E+00,0,0
7.96000E-01,1.13489E+00,0,0
7.96500E-01,1.13497E+00,0,0
7.97000E-01,1.13505E+00,0,0
7.97500E-01,1.13513E+00,0,0
7.98000E-01,1.13520E+00,0,0
7.98500E-01,1.13528E+00,0,0
7.99000E-01,1.13536E+00,0,0
7.99500E-01,1.13544E+00,0,0
8.00000E-01,1.13552E+00,0,0
8.00500E-01,1.13560E+00,0,0
8.01000E-01,1.13568E+00,0,0
8.01500E-01,1.13576E+00,0,0
8.02000E-01,1.13584E+00,0,0
8.02500E-01,1.13592E+00,0,0
8.03000E-01,1.13599E+00,0,0
8.03500E-01,1.13607E+00,0,0
8.04000E-01,1.13615E+00,0,0
8.04500E-01,1.13623E+00,0,0
8.05000E-01,1.13631E+00,0,0
8.05500E-01,1.13639E+00,0,0
8.06000E-01,1.13647E+00,0,0
8.06500E-01,1.13654E+00,0,0
8.07000E-01,1.13662E+00,0,0
8.07500E-01,1.13670E+00,0,0
8.08000E-01,1.13678E+00,0,0
8.08500E-01,1.13686E+00,0,0
8.09000E-01,1.13693E+00,0,0
8.09500E-01,1.13701E+00,0,0
8.10000E-01,1.13709E+00,0,0
8.10500E-01,1.13717E+00,0,0
8.11000E-01,1.13725E+00,0,0
8.11500E-01,1.13732E+00,0,0
8.12000E-01,1.13740E+00,0,0
8.12500E-01,1.13748E+00,0,0
8.13000E-01,1.13756E+00,0,0
8.13500E-01,1.13764E+00,0,0
8.14000E-01,1.13771E+00,0,0
8.14500E-01,1.13779E+00,0,0
8.15000E-01,1.13787E+00,0,0
8.15500E-01,1.13795E+00,0,0
8.16000E-01,1.13802E+00,0,0
8.16500E-01,1.13810E+00,0,0
8.17000E-01,1.13818E+00,0,0
8.17500E-01,1.13826E+00,0,0
8.18000E-01,1.13833E+00,0,0
8.18500E-01,1.13841E+00,0,0
8.19000E-01,1.13849E+00,0,0
8.19500E-01,1.13856E+00,0,0
8.20000E-01,1.13864E+00,0,0
8.20500E-01,1.13872E+00,0,0
8.21000E-01,1.13880E+00,0,0
8.21500E-01,1.13887E+00,0,0
8.22000E-01,1.13895E+00,0,0
8.22500E-01,1.13903E+00,0,0
8.23000E-01,1.13910E+00,0,0
8.23500E-01,1.13918E+00,0,0
8.24000E-01,1.13926E+00,0,0
8.24500E-01,1.13933E+00,0,0
8.25000E-01,1.13941E+00,0,0
8.25500E-01,1.13949E+00,0,0
8.26000E-01,1.13956E+00,0,0
8.26500E-01,1.13964E+00,0,0
8.27000E-01,1.13972E+00,0,0
8.27500E-01,1.13979E+00,0,0
8.28000E-01,1.13987E+00,0,0
8.28500E-01,1.13994E+00,0,0
8.29000E-01,1.14002E+00,0,0
8.29500E-01,1.14010E+00,0,0
8.30000E-01,1.14017E+00,0,0
8.30500E-01,1.14025E+00,0,0
8.31000E-01,1.14032E+00,0,0
8.31500E-01,1.14040E+00,0,0
8.32000E-01,1.14048E+00,0,0
8.32500E-01,1.14055E+00,0,0
8.33000E-01,1.14063E+00,0,0
8.33500E-01,1.14070E+00,0,0
8.34000E-01,1.14078E+00,0,0
8.34500E-01,1.14086E+00,0,0
8.35000E-01,1.14093E+00,0,0
8.35500E-01,1.14101E+00,0,0
8.36000E-01,1.14108E+00,0,0
8.36500E-01,1.14116E+00,0,0
8.37000E-01,1.14123E+00,0,0
8.37500E-01,1.14131E+00,0,0
8.38000E-01,1.14138E+00,0,0
8.38500E-01,1.14146E+00,0,0
8.39000E-01,1.14154E+00,0,0
8.39500E-01,1.14161E+00,0,0
8.40000E-01,1.14169E+00,0,0
8.40500E-01,1.14176E+00,0,0
8.41000E-01,1.14184E+00,0,0
8.41500E-01,1.14191E+00,0,0
8.42000E-01,1.14199E+00,0,0
8.42500E-01,1.14206E+00,0,0
8.43000E-01,1.14214E+00,0,0
8.43500E-01,1.14221E+00,0,0
8.44000E-01,1.14229E+00,0,0
8.44500E-01,1.14236E+00,0,0
8.45000E-01,1.14244E+00,0,0
8.45500E-01,1.14251E+00,0,0
8.46000E-01,1.14259E+00,0,0
8.46500E-01,1.14266E+00,0,0
8.47000E-01,1.14273E+00,0,0
8.47500E-01,1.14281E+00,0,0
8.48000E-01,1.14288E+00,0,0
8.48500E-01,1.14296E+00,0,0
8.49000E-01,1.14303E+00,0,0
8.49500E-01,1.14311E+00,0,0
8.50000E-01,1.14318E+00,0,0
8.50500E-01,1.14326E+00,0,0
8.51000E-01,1.14333E+00,0,0
8.51500E-01,1.14340E+00,0,0
8.52000E-01,1.14348E+00,0,0
8.52500E-01,1.14355E+00,0,0
8.53000E-01,1.14363E+00,0,0
8.53500E-01,1.14370E+00,0,0
8.54000E-01,1.14377E+00,0,0
8.54500E-01,1.14385E+00,0,0
8.55000E-01,1.14392E+00,0,0
8.55500E-01,1.14400E+00,0,0
8.56000E-01,1.14407E+00,0,0
8.56500E-01,1.14414E+00,0,0
8.57000E-01,1.14422E+00,0,0
8.57500E-01,1.14429E+00,0,0
8.58000E-01,1.14436E+00,0,0
8.58500E-01,1.14444E+00,0,0
8.59000E-01,1.14451E+00,0,0
8.59500E-01,1.14459E+00,0,0
8.60000E-01,1.14466E+00,0,0
8.60500E-01,1.14473E+00,0,0
8.61000E-01,1.14481E+00,0,0
8.61500E-01,1.14488E+00,0,0
8.62000E-01,1.14495E+00,0,0
8.62500E-01,1.14503E+00,0,0
8.63000E-01,1.14510E+00,0,0
8.63500E-01,1.14517E+00,0,0
8.64000E-01,1.14525E+00,0,0
8.64500E-01,1.14532E+00,0,0
8.65000E-01,1.14539E+00,0,0
8.65500E-01,1.14546E+00,0,0
8.66000E-01,1.14554E+00,0,0
8.66500E-01,1.14561E+00,0,0
8.67000E-01,1.14568E+00,0,0
8.67500E-01,1.14576E+00,0,0
8.68000E-01,1.14583E+00,0,0
8.68500E-01,1.14590E+00,0,0
8.69000E-01,1.14597E+00,0,0
8.69500E-01,1.14605E+00,0,0
8.70000E-01,1.14612E+00,0,0
8.70500E-01,1.14619E+00,0,0
8.71000E-01,1.14626E+00,0,0
8.71500E-01,1.14634E+00,0,0
8.72000E-01,1.14641E+00,0,0
8.72500E-01,1.14648E+00,0,0
8.73000E-01,1.14655E+00,0,0
8.73500E-01,1.14663E+00,0,0
8.74000E-01,1.14670E+00,0,0
8.74500E-01,1.14677E+00,0,0
8.75000E-01,1.14684E+00,0,0
8.75500E-01,1.14692E+00,0,0
8.76000E-01,1.14699E+00,0,0
8.76500E-01,1.14706E+00,0,0
8.77000E-01,1.14713E+00,0,0
8.77500E-01,1.14720E+00,0,0
8.78000E-01,1.14728E+00,0,0
8.78500E-01,1.14735E+00,0,0
8.79000E-01,1.14742E+00,0,0
8.79500E-01,1.14749E+00,0,0
8.80000E-01,1.14756E+00,0,0
8.80500E-01,1.14764E+00,0,0
8.81000E-01,1.14771E+00,0,0
8.81500E-01,1.14778E+00,0,0
8.82000E-01,1.14785E+00,0,0
8.82500E-01,1.14792E+00,0,0
8.83000E-01,1.14799E+00,0,0
8.83500E-01,1.14807E+00,0,0
8.84000E-01,1.14814E+00,0,0
8.84500E-01,1.14821E+00,0,0
8.85000E-01,1.14828E+00,0,0
8.85500E-01,1.14835E+00,0,0
8.86000E-01,1.14842E+00,0,0
8.86500E-01,1.14849E+00,0,0
8.87000E-01,1.14856E+00,0,0
8.87500E-01,1.14864E+00,0,0
8.88000E-01,1.14871E+00,0,0
8.88500E-01,1.14878E+00,0,0
8.89000E-01,1.14885E+00,0,0
8.89500E-01,1.14892E+00,0,0
8.90000E-01,1.14899E+00,0,0
8.90500E-01,1.14906E+00,0,0
8.91000E-01,1.14913E+00,0,0
8.91500E-01,1.14920E+00,0,0
8.92000E-01,1.14927E+00,0,0
8.92500E-01,1.14935E+00,0,0
8.93000E-01,1.14942E+00,0,0
8.93500E-01,1.14949E+00,0,0
8.94000E-01,1.14956E+00,0,0
8.94500E-01,1.14963E+00,0,0
8.95000E-01,1.14970E+00,0,0
8.95500E-01,1.14977E+00,0,0
8.96000E-01,1.14984E+00,0,0
8.96500E-01,1.14991E+00,0,0
8.97000E-01,1.14998E+00,0,0
8.97500E-01,1.15005E+00,0,0
8.98000E-01,1.15012E+00,0,0
8.98500E-01,1.15019E+00,0,0
8.99000E-01,1.15026E+00,0,0
8.99500E-01,1.15033E+00,0,0
9.00000E-01,1.15040E+00,0,0
9.00500E-01,1.15047E+00,0,0
9.01000E-01,1.15054E+00,0,0
9.01500E-01,1.15061E+00,0,0
9.02000E-01,1.15068E+00,0,0
9.02500E-01,1.15075E+00,0,0
9.03000E-01,1.15082E+00,0,0
9.03500E-01,1.15089E+00,0,0
9.04000E-01,1.15096E+00,0,0
9.04500E-01,1.15103E+00,0,0
9.05000E-01,1.15110E+00,0,0
9.05500E-01,1.15117E+00,0,0
9.06000E-01,1.15124E+00,0,0
9.06500E-01,1.15131E+00,0,0
9.07000E-01,1.15138E+00,0,0
9.07500E-01,1.15145E+00,0,0
9.08000E-01,1.15152E+00,0,0
9.08500E-01,1.15159E+00,0,0
9.09000E-01,1.15166E+00,0,0
9.09500E-01,1.15173E+00,0,0
9.10000E-01,1.15180E+00,0,0
9.10500E-01,1.15187E+00,0,0
9.11000E-01,1.15194E+00,0,0
9.11500E-01,1.15201E+00,0,0
9.12000E-01,1.15208E+00,0,0
9.12500E-01,1.15215E+00,0,0
9.13000E-01,1.15221E+00,0,0
9.13500E-01,1.15228E+00,0,0
9.14000E-01,1.15235E+00,0,0
9.14500E-01,1.15242E+00,0,0
9.15000E-01,1.15249E+00,0,0
9.15500E-01,1.15256E+00,0,0
9.16000E-01,1.15263E+00,0,0
9.16500E-01,1.15270E+00,0,0
9.17000E-01,1.15277E+00,0,0
9.17500E-01,1.15284E+00,0,0
9.18000E-01,1.15290E+00,0,0
9.18500E-01,1.15297E+00,0,0
9.19000E-01,1.15304E+00,0,0
9.19500E-01,1.15311E+00,0,0
9.20000E-01,1.15318E+00,0,0
9.20500E-01,1.15325E+00,0,0
9.21000E-01,1.15332E+00,0,0
9.21500E-01,1.15339E+00,0,0
9.22000E-01,1.15345E+00,0,0
9.22500E-01,1.15352E+00,0,0
9.23000E-01,1.15359E+00,0,0
9.23500E-01,1.15366E+00,0,0
9.24000E-01,1.15373E+00,0,0
9.24500E-01,1.15380E+00,0,0
9.25000E-01,1.15386E+00,0,0
9.25500E-01,1.15393E+00,0,0
9.26000E-01,1.15400E+00,0,0
9.26500E-01,1.15407E+00,0,0
9.27000E-01,1.15414E+00,0,0
9.27500E-01,1.15421E+00,0,0
9.28000E-01,1.15427E+00,0,0
9.28500E-01,1.15434E+00,0,0
9.29000E-01,1.15441E+00,0,0
9.29500E-01,1.15448E+00,0,0
9.30000E-01,1.15455E+00,0,0
9.30500E-01,1.15461E+00,0,0
9.31000E-01,1.15468E+00,0,0
9.31500E-01,1.15475E+00,0,0
9.32000E-01,1.15482E+00,0,0
9.32500E-01,1.15489E+00,0,0
9.33000E-01,1.15495E+00,0,0
9.33500E-01,1.15502E+00,0,0
9.34000E-01,1.15509E+00,0,0
9.34500E-01,1.15516E+00,0,0
9.35000E-01,1.15522E+00,0,0
9.35500E-01,1.15529E+00,0,0
9.36000E-01,1.15536E+00,0,0
9.36500E-01,1.15543E+00,0,0
9.37000E-01,1.15549E+00,0,0
9.37500E-01,1.15556E+00,0,0
9.38000E-01,1.15563E+00,0,0
9.38500E-01,1.15570E+00,0,0
9.39000E-01,1.15576E+00,0,0
9.39500E-01,1.15583E+00,0,0
9.40000E-01,1.15590E+00,0,0
9.40500E-01,1.15596E+00,0,0
9.41000E-01,1.15603E+00,0,0
9.41500E-01,1.15610E+00,0,0
9.42000E-01,1.15617E+00,0,0
9.42500E-01,1.15623E+00,0,0
9.43000E-01,1.15630E+00,0,0
9.43500E-01,1.15637E+00,0,0
9.44000E-01,1.15643E+00,0,0
9.44500E-01,1.15650E+00,0,0
9.45000E-01,1.15657E+00,0,0
9.45500E-01,1.15663E+00,0,0
9.46000E-01,1.15670E+00,0,0
9.46500E-01,1.15677E+00,0,0
9.47000E-01,1.15683E+00,0,0
9.47500E-01,1.15690E+00,0,0
9.48000E-01,1.15697E+00,0,0
9.48500E-01,1.15703E+00,0,0
9.49000E-01,1.15710E+00,0,0
9.49500E-01,1.15717E+00,0,0
9.50000E-01,1.15723E+00,0,0
9.50500E-01,1.15730E+00,0,0
9.51000E-01,1.15737E+00,0,0
9.51500E-01,1.15743E+00,0,0
9.52000E-01,1.15750E+00,0,0
9.52500E-01,1.15757E+00,0,0
9.53000E-01,1.15763E+00,0,0
9.53500E-01,1.15770E+00,0,0
9.54000E-01,1.15777E+00,0,0
9.54500E-01,1.15783E+00,0,0
9.55000E-01,1.15790E+00,0,0
9.55500E-01,1.15796E+00,0,0
9.56000E-01,1.15803E+00,0,0
9.56500E-01,1.15810E+00,0,0
9.57000E-01,1.15816E+00,0,0
9.57500E-01,1.15823E+00,0,0
9.58000E-01,1.15829E+00,0,0
9.58500E-01,1.15836E+00,0,0
9.59000E-01,1.15843E+00,0,0
9.59500E-01,1.15849E+00,0,0
9.60000E-01,1.15856E+00,0,0
9.60500E-01,1.15862E+00,0,0
9.61000E-01,1.15869E+00,0,0
9.61500E-01,1.15875E+00,0,0
9.62000E-01,1.15882E+00,0,0
9.62500E-01,1.15889E+00,0,0
9.63000E-01,1.15895E+00,0,0
9.63500E-01,1.15902E+00,0,0
9.64000E-01,1.15908E+00,0,0
9.64500E-01,1.15915E+00,0,0
9.65000E-01,1.15921E+00,0,0
9.65500E-01,1.15928E+00,0,0
9.66000E-01,1.15934E+00,0,0
9.66500E-01,1.15941E+00,0,0
9.67000E-01,1.15948E+00,0,0
9.67500E-01,1.15954E+00,0,0
9.68000E-01,1.15961E+00,0,0
9.68500E-01,1.15967E+00,0,0
9.69000E-01,1.15974E+00,0,0
9.69500E-01,1.15980E+00,0,0
9.70000E-01,1.15987E+00,0,0
9.70500E-01,1.15993E+00,0,0
9.71000E-01,1.16000E+00,0,0
9.71500E-01,1.16006E+00,0,0
9.72000E-01,1.16013E+00,0,0
9.72500E-01,1.16019E+00,0,0
9.73000E-01,1.16026E+00,0,0
9.73500E-01,1.16032E+00,0,0
9.74000E-01,1.16039E+00,0,0
9.74500E-01,1.16045E+00,0,0
9.75000E-01,1.16052E+00,0,0
9.75500E-01,1.16058E+00,0,0
9.76000E-01,1.16065E+00,0,0
9.76500E-01,1.16071E+00,0,0
9.77000E-01,1.16078E+00,0,0
9.77500E-01,1.16084E+00,0,0
9.78000E-01,1.16090E+00,0,0
9.78500E-01,1.16097E+00,0,0
9.79000E-01,1.16103E+00,0,0
9.79500E-01,1.16110E+00,0,0
9.80000E-01,1.16116E+00,0,0
9.80500E-01,1.16123E+00,0,0
9.81000E-01,1.16129E+00,0,0
9.81500E-01,1.16136E+00,0,0
9.82000E-01,1.16142E+00,0,0
9.82500E-01,1.16148E+00,0,0
9.83000E-01,1.16155E+00,0,0
9.83500E-01,1.16161E+00,0,0
9.84000E-01,1.16168E+00,0,0
9.84500E-01,1.16174E+00,0,0
9.85000E-01,1.16181E+00,0,0
9.85500E-01,1.16187E+00,0,0
9.86000E-01,1.16193E+00,0,0
9.86500E-01,1.16200E+00,0,0
9.87000E-01,1.16206E+00,0,0
9.87500E-01,1.16213E+00,0,0
9.88000E-01,1.16219E+00,0,0
9.88500E-01,1.16225E+00,0,0
9.89000E-01,1.16232E+00,0,0
9.89500E-01,1.16238E+00,0,0
9.90000E-01,1.16245E+00,0,0
9.90500E-01,1.16251E+00,0,0
9.91000E-01,1.16257E+00,0,0
9.91500E-01,1.16264E+00,0,0
9.92000E-01,1.16270E+00,0,0
9.92500E-01,1.16276E+00,0,0
9.93000E-01,1.16283E+00,0,0
9.93500E-01,1.16289E+00,0,0
9.94000E-01,1.16295E+00,0,0
9.94500E-01,1.16302E+00,0,0
9.95000E-01,1.16308E+00,0,0
9.95500E-01,1.16315E+00,0,0
9.96000E-01,1.16321E+00,0,0
9.96500E-01,1.16327E+00,0,0
9.97000E-01,1.16334E+00,0,0
9.97500E-01,1.16340E+00,0,0
9.98000E-01,1.16346E+00,0,0
9.98500E-01,1.16353E+00,0,0
9.99000E-01,1.16359E+00,0,0
9.99500E-01,1.16365E+00,0,0
1.00000E+00,1.16372E+00,0,0
