1.00000E-04,1.61363E+00
2.25000E-04,9.93001E-01
3.50000E-04,7.17167E-01
4.75000E-04,5.61261E-01
6.00000E-04,4.61036E-01
7.25000E-04,3.91182E-01
8.50000E-04,3.39711E-01
9.75000E-04,3.00210E-01
1.10000E-03,2.68938E-01
1.22500E-03,2.43566E-01
1.35000E-03,2.22569E-01
1.47500E-03,2.04905E-01
1.60000E-03,1.89838E-01
1.72500E-03,1.76836E-01
1.85000E-03,1.65500E-01
1.97500E-03,1.55530E-01
2.10000E-03,1.46693E-01
2.22500E-03,1.38807E-01
2.35000E-03,1.31725E-01
2.47500E-03,1.25330E-01
2.60000E-03,1.19528E-01
2.72500E-03,1.14239E-01
2.85000E-03,1.09398E-01
2.97500E-03,1.04951E-01
3.10000E-03,1.00852E-01
3.22500E-03,9.70602E-02
3.35000E-03,9.35435E-02
3.47500E-03,9.02728E-02
3.60000E-03,8.72230E-02
3.72500E-03,8.43726E-02
3.85000E-03,8.17026E-02
3.97500E-03,7.91964E-02
4.10000E-03,7.68393E-02
4.22500E-03,7.46186E-02
4.35000E-03,7.25225E-02
4.47500E-03,7.05410E-02
4.60000E-03,6.86649E-02
4.72500E-03,6.68861E-02
4.85000E-03,6.51970E-02
4.97500E-03,6.35912E-02
5.00000E-03,6.32795E-02
5.50000E-03,5.76295E-02
6.00000E-03,5.29058E-02
6.50000E-03,4.88978E-02
7.00000E-03,4.54543E-02
7.50000E-03,4.24638E-02
8.00000E-03,3.98426E-02
8.50000E-03,3.75262E-02
9.00000E-03,3.54643E-02
9.50000E-03,3.36172E-02
1.00000E-02,3.19530E-02
1.05000E-02,3.04458E-02
1.10000E-02,2.90743E-02
1.15000E-02,2.78211E-02
1.20000E-02,2.66715E-02
1.25000E-02,2.56131E-02
1.30000E-02,2.46355E-02
1.35000E-02,2.37298E-02
1.40000E-02,2.28883E-02
1.45000E-02,2.21045E-02
1.50000E-02,2.13725E-02
1.55000E-02,2.06875E-02
1.60000E-02,2.00450E-02
1.65000E-02,1.94413E-02
1.70000E-02,1.88728E-02
1.75000E-02,1.83367E-02
1.80000E-02,1.78301E-02
1.85000E-02,1.73508E-02
1.90000E-02,1.68966E-02
1.95000E-02,1.64656E-02
2.00000E-02,1.60560E-02
2.05000E-02,1.56663E-02
2.10000E-02,1.52950E-02
2.15000E-02,1.49410E-02
2.20000E-02,1.46030E-02
2.25000E-02,1.42799E-02
2.30000E-02,1.39708E-02
2.35000E-02,1.36748E-02
2.40000E-02,1.33911E-02
2.45000E-02,1.31189E-02
2.50000E-02,1.28576E-02
2.55000E-02,1.26065E-02
2.60000E-02,1.23650E-02
2.65000E-02,1.21325E-02
2.70000E-02,1.19087E-02
2.75000E-02,1.16929E-02
2.80000E-02,1.14849E-02
2.85000E-02,1.12841E-02
2.90000E-02,1.10902E-02
2.95000E-02,1.09029E-02
3.00000E-02,1.07218E-02
3.05000E-02,1.05466E-02
3.10000E-02,1.03770E-02
3.15000E-02,1.02128E-02
3.20000E-02,1.00537E-02
3.25000E-02,9.89955E-03
3.30000E-02,9.75001E-03
3.35000E-02,9.60492E-03
3.40000E-02,9.46408E-03
3.45000E-02,9.32732E-03
3.50000E-02,9.19445E-03
3.55000E-02,9.06532E-03
3.60000E-02,8.93976E-03
3.65000E-02,8.81763E-03
3.70000E-02,8.69879E-03
3.75000E-02,8.58312E-03
3.80000E-02,8.47048E-03
3.85000E-02,8.36076E-03
3.90000E-02,8.25384E-03
3.95000E-02,8.14963E-03
4.00000E-02,8.04801E-03
4.05000E-02,7.94890E-03
4.10000E-02,7.85220E-03
4.15000E-02,7.75782E-03
4.20000E-02,7.66568E-03
4.25000E-02,7.57571E-03
4.30000E-02,7.48782E-03
4.35000E-02,7.40195E-03
4.40000E-02,7.31803E-03
4.45000E-02,7.23599E-03
4.50000E-02,7.15577E-03
4.55000E-02,7.07731E-03
4.60000E-02,7.00055E-03
4.65000E-02,6.92543E-03
4.70000E-02,6.85192E-03
4.75000E-02,6.77994E-03
4.80000E-02,6.70946E-03
4.85000E-02,6.64044E-03
4.90000E-02,6.57282E-03
4.95000E-02,6.50656E-03
5.00000E-02,6.44162E-03
5.05000E-02,6.37797E-03
5.10000E-02,6.31556E-03
5.15000E-02,6.25437E-03
5.20000E-02,6.19434E-03
5.25000E-02,6.13546E-03
5.30000E-02,6.07769E-03
5.35000E-02,6.02099E-03
5.40000E-02,5.96535E-03
5.45000E-02,5.91072E-03
5.50000E-02,5.85708E-03
5.55000E-02,5.80441E-03
5.60000E-02,5.75268E-03
5.65000E-02,5.70186E-03
5.70000E-02,5.65193E-03
5.75000E-02,5.60287E-03
5.80000E-02,5.55465E-03
5.85000E-02,5.50726E-03
5.90000E-02,5.46066E-03
5.95000E-02,5.41485E-03
6.00000E-02,5.36980E-03
6.05000E-02,5.32550E-03
6.10000E-02,5.28192E-03
6.15000E-02,5.23905E-03
6.20000E-02,5.19686E-03
6.25000E-02,5.15536E-03
6.30000E-02,5.11450E-03
6.35000E-02,5.07430E-03
6.40000E-02,5.03472E-03
6.45000E-02,4.99575E-03
6.50000E-02,4.95738E-03
6.55000E-02,4.91959E-03
6.60000E-02,4.88238E-03
6.65000E-02,4.84572E-03
6.70000E-02,4.80962E-03
6.75000E-02,4.77404E-03
6.80000E-02,4.73899E-03
6.85000E-02,4.70445E-03
6.90000E-02,4.67041E-03
6.95000E-02,4.63686E-03
7.00000E-02,4.60378E-03
7.05000E-02,4.57118E-03
7.10000E-02,4.53903E-03
7.15000E-02,4.50734E-03
7.20000E-02,4.47608E-03
7.25000E-02,4.44525E-03
7.30000E-02,4.41485E-03
7.35000E-02,4.38485E-03
7.40000E-02,4.35527E-03
7.45000E-02,4.32608E-03
7.50000E-02,4.29727E-03
7.55000E-02,4.26885E-03
7.60000E-02,4.24080E-03
7.65000E-02,4.21312E-03
7.70000E-02,4.18580E-03
7.75000E-02,4.15883E-03
7.80000E-02,4.13221E-03
7.85000E-02,4.10592E-03
7.90000E-02,4.07997E-03
7.95000E-02,4.05434E-03
8.00000E-02,4.02903E-03
8.05000E-02,4.00404E-03
8.10000E-02,3.97935E-03
8.15000E-02,3.95497E-03
8.20000E-02,3.93088E-03
8.25000E-02,3.90709E-03
8.30000E-02,3.88358E-03
8.35000E-02,3.86035E-03
8.40000E-02,3.83740E-03
8.45000E-02,3.81472E-03
8.50000E-02,3.79231E-03
8.55000E-02,3.77015E-03
8.60000E-02,3.74826E-03
8.65000E-02,3.72662E-03
8.70000E-02,3.70523E-03
8.75000E-02,3.68408E-03
8.80000E-02,3.66317E-03
8.85000E-02,3.64250E-03
8.90000E-02,3.62206E-03
8.95000E-02,3.60184E-03
9.00000E-02,3.58186E-03
9.05000E-02,3.56209E-03
9.10000E-02,3.54254E-03
9.15000E-02,3.52320E-03
9.20000E-02,3.50407E-03
9.25000E-02,3.48515E-03
9.30000E-02,3.46644E-03
9.35000E-02,3.44792E-03
9.40000E-02,3.42960E-03
9.45000E-02,3.41147E-03
9.50000E-02,3.39354E-03
9.55000E-02,3.37579E-03
9.60000E-02,3.35822E-03
9.65000E-02,3.34084E-03
9.70000E-02,3.32364E-03
9.75000E-02,3.30661E-03
9.80000E-02,3.28976E-03
9.85000E-02,3.27308E-03
9.90000E-02,3.25656E-03
9.95000E-02,3.24021E-03
1.00000E-01,3.22403E-03
1.00500E-01,3.20800E-03
1.01000E-01,3.19214E-03
1.01500E-01,3.17643E-03
1.02000E-01,3.16087E-03
1.02500E-01,3.14547E-03
1.03000E-01,3.13022E-03
1.03500E-01,3.11511E-03
1.04000E-01,3.10015E-03
1.04500E-01,3.08533E-03
1.05000E-01,3.07065E-03
1.05500E-01,3.05611E-03
1.06000E-01,3.04171E-03
1.06500E-01,3.02744E-03
1.07000E-01,3.01331E-03
1.07500E-01,2.99931E-03
1.08000E-01,2.98543E-03
1.08500E-01,2.97169E-03
1.09000E-01,2.95807E-03
1.09500E-01,2.94457E-03
1.10000E-01,2.93120E-03
1.10500E-01,2.91795E-03
1.11000E-01,2.90482E-03
1.11500E-01,2.89180E-03
1.12000E-01,2.87890E-03
1.12500E-01,2.86612E-03
1.13000E-01,2.85345E-03
1.13500E-01,2.84089E-03
1.14000E-01,2.82844E-03
1.14500E-01,2.81610E-03
1.15000E-01,2.80387E-03
1.15500E-01,2.79174E-03
1.16000E-01,2.77972E-03
1.16500E-01,2.76780E-03
1.17000E-01,2.75598E-03
1.17500E-01,2.74426E-03
1.18000E-01,2.73264E-03
1.18500E-01,2.72112E-03
1.19000E-01,2.70970E-03
1.19500E-01,2.69837E-03
1.20000E-01,2.68714E-03
1.20500E-01,2.67600E-03
1.21000E-01,2.66495E-03
1.21500E-01,2.65399E-03
1.22000E-01,2.64312E-03
1.22500E-01,2.63234E-03
1.23000E-01,2.62165E-03
1.23500E-01,2.61105E-03
1.24000E-01,2.60053E-03
1.24500E-01,2.59009E-03
1.25000E-01,2.57974E-03
1.25500E-01,2.56947E-03
1.26000E-01,2.55928E-03
1.26500E-01,2.54917E-03
1.27000E-01,2.53914E-03
1.27500E-01,2.52919E-03
1.28000E-01,2.51932E-03
1.28500E-01,2.50953E-03
1.29000E-01,2.49981E-03
1.29500E-01,2.49016E-03
1.30000E-01,2.48059E-03
1.30500E-01,2.47110E-03
1.31000E-01,2.46167E-03
1.31500E-01,2.45232E-03
1.32000E-01,2.44304E-03
1.32500E-01,2.43383E-03
1.33000E-01,2.42468E-03
1.33500E-01,2.41561E-03
1.34000E-01,2.40660E-03
1.34500E-01,2.39766E-03
1.35000E-01,2.38879E-03
1.35500E-01,2.37998E-03
1.36000E-01,2.37124E-03
1.36500E-01,2.36256E-03
1.37000E-01,2.35394E-03
1.37500E-01,2.34539E-03
1.38000E-01,2.33690E-03
1.38500E-01,2.32846E-03
1.39000E-01,2.32010E-03
1.39500E-01,2.31179E-03
1.40000E-01,2.30353E-03
1.40500E-01,2.29534E-03
1.41000E-01,2.28721E-03
1.41500E-01,2.27913E-03
1.42000E-01,2.27111E-03
1.42500E-01,2.26315E-03
1.43000E-01,2.25524E-03
1.43500E-01,2.24739E-03
1.44000E-01,2.23959E-03
1.44500E-01,2.23185E-03
1.45000E-01,2.22416E-03
1.45500E-01,2.21652E-03
1.46000E-01,2.20893E-03
1.46500E-01,2.20140E-03
1.47000E-01,2.19392E-03
1.47500E-01,2.18649E-03
1.48000E-01,2.17910E-03
1.48500E-01,2.17177E-03
1.49000E-01,2.16449E-03
1.49500E-01,2.15725E-03
1.50000E-01,2.15007E-03
1.50500E-01,2.14293E-03
1.51000E-01,2.13584E-03
1.51500E-01,2.12879E-03
1.52000E-01,2.12180E-03
1.52500E-01,2.11484E-03
1.53000E-01,2.10794E-03
1.53500E-01,2.10108E-03
1.54000E-01,2.09426E-03
1.54500E-01,2.08749E-03
1.55000E-01,2.08076E-03
1.55500E-01,2.07407E-03
1.56000E-01,2.06743E-03
1.56500E-01,2.06083E-03
1.57000E-01,2.05427E-03
1.57500E-01,2.04775E-03
1.58000E-01,2.04127E-03
1.58500E-01,2.03484E-03
1.59000E-01,2.02844E-03
1.59500E-01,2.02209E-03
1.60000E-01,2.01577E-03
1.60500E-01,2.00950E-03
1.61000E-01,2.00326E-03
1.61500E-01,1.99706E-03
1.62000E-01,1.99090E-03
1.62500E-01,1.98478E-03
1.63000E-01,1.97870E-03
1.63500E-01,1.97265E-03
1.64000E-01,1.96664E-03
1.64500E-01,1.96066E-03
1.65000E-01,1.95473E-03
1.65500E-01,1.94882E-03
1.66000E-01,1.94296E-03
1.66500E-01,1.93713E-03
1.67000E-01,1.93133E-03
1.67500E-01,1.92557E-03
1.68000E-01,1.91984E-03
1.68500E-01,1.91415E-03
1.69000E-01,1.90849E-03
1.69500E-01,1.90286E-03
1.70000E-01,1.89727E-03
1.70500E-01,1.89171E-03
1.71000E-01,1.88618E-03
1.71500E-01,1.88068E-03
1.72000E-01,1.87522E-03
1.72500E-01,1.86979E-03
1.73000E-01,1.86439E-03
1.73500E-01,1.85902E-03
1.74000E-01,1.85368E-03
1.74500E-01,1.84837E-03
1.75000E-01,1.84309E-03
1.75500E-01,1.83784E-03
1.76000E-01,1.83262E-03
1.76500E-01,1.82744E-03
1.77000E-01,1.82228E-03
1.77500E-01,1.81715E-03
1.78000E-01,1.81205E-03
1.78500E-01,1.80697E-03
1.79000E-01,1.80193E-03
1.79500E-01,1.79691E-03
1.80000E-01,1.79192E-03
1.80500E-01,1.78696E-03
1.81000E-01,1.78203E-03
1.81500E-01,1.77712E-03
1.82000E-01,1.77224E-03
1.82500E-01,1.76739E-03
1.83000E-01,1.76256E-03
1.83500E-01,1.75776E-03
1.84000E-01,1.75299E-03
1.84500E-01,1.74824E-03
1.85000E-01,1.74352E-03
1.85500E-01,1.73882E-03
1.86000E-01,1.73415E-03
1.86500E-01,1.72950E-03
1.87000E-01,1.72488E-03
1.87500E-01,1.72028E-03
1.88000E-01,1.71571E-03
1.88500E-01,1.71116E-03
1.89000E-01,1.70664E-03
1.89500E-01,1.70214E-03
1.90000E-01,1.69766E-03
1.90500E-01,1.69321E-03
1.91000E-01,1.68878E-03
1.91500E-01,1.68437E-03
1.92000E-01,1.67999E-03
1.92500E-01,1.67562E-03
1.93000E-01,1.67129E-03
1.93500E-01,1.66697E-03
1.94000E-01,1.66268E-03
1.94500E-01,1.65840E-03
1.95000E-01,1.65415E-03
1.95500E-01,1.64992E-03
1.96000E-01,1.64572E-03
1.96500E-01,1.64153E-03
1.97000E-01,1.63737E-03
1.97500E-01,1.63322E-03
1.98000E-01,1.62910E-03
1.98500E-01,1.62500E-03
1.99000E-01,1.62092E-03
1.99500E-01,1.61686E-03
2.00000E-01,1.61282E-03
2.00500E-01,1.60880E-03
2.01000E-01,1.60480E-03
2.01500E-01,1.60082E-03
2.02000E-01,1.59686E-03
2.02500E-01,1.59292E-03
2.03000E-01,1.58900E-03
2.03500E-01,1.58509E-03
2.04000E-01,1.58121E-03
2.04500E-01,1.57735E-03
2.05000E-01,1.57350E-03
2.05500E-01,1.56968E-03
2.06000E-01,1.56587E-03
2.06500E-01,1.56208E-03
2.07000E-01,1.55831E-03
2.07500E-01,1.55455E-03
2.08000E-01,1.55082E-03
2.08500E-01,1.54710E-03
2.09000E-01,1.54340E-03
2.09500E-01,1.53972E-03
2.10000E-01,1.53606E-03
2.10500E-01,1.53241E-03
2.11000E-01,1.52878E-03
2.11500E-01,1.52517E-03
2.12000E-01,1.52157E-03
2.12500E-01,1.51799E-03
2.13000E-01,1.51443E-03
2.13500E-01,1.51089E-03
2.14000E-01,1.50736E-03
2.14500E-01,1.50385E-03
2.15000E-01,1.50035E-03
2.15500E-01,1.49687E-03
2.16000E-01,1.49341E-03
2.16500E-01,1.48996E-03
2.17000E-01,1.48653E-03
2.17500E-01,1.48311E-03
2.18000E-01,1.47971E-03
2.18500E-01,1.47633E-03
2.19000E-01,1.47296E-03
2.19500E-01,1.46960E-03
2.20000E-01,1.46627E-03
2.20500E-01,1.46294E-03
2.21000E-01,1.45963E-03
2.21500E-01,1.45634E-03
2.22000E-01,1.45306E-03
2.22500E-01,1.44980E-03
2.23000E-01,1.44655E-03
2.23500E-01,1.44332E-03
2.24000E-01,1.44009E-03
2.24500E-01,1.43689E-03
2.25000E-01,1.43370E-03
2.25500E-01,1.43052E-03
2.26000E-01,1.42736E-03
2.26500E-01,1.42421E-03
2.27000E-01,1.42107E-03
2.27500E-01,1.41795E-03
2.28000E-01,1.41484E-03
2.28500E-01,1.41175E-03
2.29000E-01,1.40867E-03
2.29500E-01,1.40560E-03
2.30000E-01,1.40254E-03
2.30500E-01,1.39950E-03
2.31000E-01,1.39647E-03
2.31500E-01,1.39346E-03
2.32000E-01,1.39046E-03
2.32500E-01,1.38747E-03
2.33000E-01,1.38449E-03
2.33500E-01,1.38153E-03
2.34000E-01,1.37858E-03
2.34500E-01,1.37564E-03
2.35000E-01,1.37271E-03
2.35500E-01,1.36980E-03
2.36000E-01,1.36690E-03
2.36500E-01,1.36401E-03
2.37000E-01,1.36114E-03
2.37500E-01,1.35827E-03
2.38000E-01,1.35542E-03
2.38500E-01,1.35258E-03
2.39000E-01,1.34975E-03
2.39500E-01,1.34693E-03
2.40000E-01,1.34413E-03
2.40500E-01,1.34134E-03
2.41000E-01,1.33855E-03
2.41500E-01,1.33578E-03
2.42000E-01,1.33302E-03
2.42500E-01,1.33028E-03
2.43000E-01,1.32754E-03
2.43500E-01,1.32482E-03
2.44000E-01,1.32210E-03
2.44500E-01,1.31940E-03
2.45000E-01,1.31671E-03
2.45500E-01,1.31403E-03
2.46000E-01,1.31136E-03
2.46500E-01,1.30870E-03
2.47000E-01,1.30605E-03
2.47500E-01,1.30341E-03
2.48000E-01,1.30079E-03
2.48500E-01,1.29817E-03
2.49000E-01,1.29556E-03
2.49500E-01,1.29297E-03
2.50000E-01,1.29038E-03
2.50500E-01,1.28781E-03
2.51000E-01,1.28525E-03
2.51500E-01,1.28269E-03
2.52000E-01,1.28015E-03
2.52500E-01,1.27761E-03
2.53000E-01,1.27509E-03
2.53500E-01,1.27258E-03
2.54000E-01,1.27007E-03
2.54500E-01,1.26758E-03
2.55000E-01,1.26509E-03
2.55500E-01,1.26262E-03
2.56000E-01,1.26015E-03
2.56500E-01,1.25770E-03
2.57000E-01,1.25525E-03
2.57500E-01,1.25282E-03
2.58000E-01,1.25039E-03
2.58500E-01,1.24797E-03
2.59000E-01,1.24556E-03
2.59500E-01,1.24316E-03
2.60000E-01,1.24077E-03
2.60500E-01,1.23839E-03
2.61000E-01,1.23602E-03
2.61500E-01,1.23366E-03
2.62000E-01,1.23131E-03
2.62500E-01,1.22896E-03
2.63000E-01,1.22663E-03
2.63500E-01,1.22430E-03
2.64000E-01,1.22198E-03
2.64500E-01,1.21967E-03
2.65000E-01,1.21737E-03
2.65500E-01,1.21508E-03
2.66000E-01,1.21280E-03
2.66500E-01,1.21052E-03
2.67000E-01,1.20826E-03
2.67500E-01,1.20600E-03
2.68000E-01,1.20375E-03
2.68500E-01,1.20151E-03
2.69000E-01,1.19928E-03
2.69500E-01,1.19705E-03
2.70000E-01,1.19484E-03
2.70500E-01,1.19263E-03
2.71000E-01,1.19043E-03
2.71500E-01,1.18824E-03
2.72000E-01,1.18605E-03
2.72500E-01,1.18388E-03
2.73000E-01,1.18171E-03
2.73500E-01,1.17955E-03
2.74000E-01,1.17740E-03
2.74500E-01,1.17526E-03
2.75000E-01,1.17312E-03
2.75500E-01,1.17099E-03
2.76000E-01,1.16887E-03
2.76500E-01,1.16676E-03
2.77000E-01,1.16465E-03
2.77500E-01,1.16255E-03
2.78000E-01,1.16046E-03
2.78500E-01,1.15838E-03
2.79000E-01,1.15631E-03
2.79500E-01,1.15424E-03
2.80000E-01,1.15218E-03
2.80500E-01,1.15013E-03
2.81000E-01,1.14808E-03
2.81500E-01,1.14604E-03
2.82000E-01,1.14401E-03
2.82500E-01,1.14199E-03
2.83000E-01,1.13997E-03
2.83500E-01,1.13796E-03
2.84000E-01,1.13596E-03
2.84500E-01,1.13396E-03
2.85000E-01,1.13197E-03
2.85500E-01,1.12999E-03
2.86000E-01,1.12802E-03
2.86500E-01,1.12605E-03
2.87000E-01,1.12409E-03
2.87500E-01,1.12213E-03
2.88000E-01,1.12018E-03
2.88500E-01,1.11824E-03
2.89000E-01,1.11631E-03
2.89500E-01,1.11438E-03
2.90000E-01,1.11246E-03
2.90500E-01,1.11055E-03
2.91000E-01,1.10864E-03
2.91500E-01,1.10674E-03
2.92000E-01,1.10485E-03
2.92500E-01,1.10296E-03
2.93000E-01,1.10108E-03
2.93500E-01,1.09920E-03
2.94000E-01,1.09733E-03
2.94500E-01,1.09547E-03
2.95000E-01,1.09361E-03
2.95500E-01,1.09176E-03
2.96000E-01,1.08992E-03
2.96500E-01,1.08808E-03
2.97000E-01,1.08625E-03
2.97500E-01,1.08443E-03
2.98000E-01,1.08261E-03
2.98500E-01,1.08079E-03
2.99000E-01,1.07899E-03
2.99500E-01,1.07719E-03
3.00000E-01,1.07539E-03
3.00500E-01,1.07360E-03
3.01000E-01,1.07182E-03
3.01500E-01,1.07004E-03
3.02000E-01,1.06827E-03
3.02500E-01,1.06651E-03
3.03000E-01,1.06475E-03
3.03500E-01,1.06299E-03
3.04000E-01,1.06125E-03
3.04500E-01,1.05951E-03
3.05000E-01,1.05777E-03
3.05500E-01,1.05604E-03
3.06000E-01,1.05431E-03
3.06500E-01,1.05259E-03
3.07000E-01,1.05088E-03
3.07500E-01,1.04917E-03
3.08000E-01,1.04747E-03
3.08500E-01,1.04577E-03
3.09000E-01,1.04408E-03
3.09500E-01,1.04239E-03
3.10000E-01,1.04071E-03
3.10500E-01,1.03904E-03
3.11000E-01,1.03737E-03
3.11500E-01,1.03570E-03
3.12000E-01,1.03404E-03
3.12500E-01,1.03239E-03
3.13000E-01,1.03074E-03
3.13500E-01,1.02910E-03
3.14000E-01,1.02746E-03
3.14500E-01,1.02583E-03
3.15000E-01,1.02420E-03
3.15500E-01,1.02258E-03
3.16000E-01,1.02096E-03
3.16500E-01,1.01935E-03
3.17000E-01,1.01774E-03
3.17500E-01,1.01614E-03
3.18000E-01,1.01454E-03
3.18500E-01,1.01295E-03
3.19000E-01,1.01136E-03
3.19500E-01,1.00978E-03
3.20000E-01,1.00820E-03
3.20500E-01,1.00663E-03
3.21000E-01,1.00506E-03
3.21500E-01,1.00350E-03
3.22000E-01,1.00194E-03
3.22500E-01,1.00039E-03
3.23000E-01,9.98840E-04
3.23500E-01,9.97297E-04
3.24000E-01,9.95758E-04
3.24500E-01,9.94224E-04
3.25000E-01,9.92695E-04
3.25500E-01,9.91171E-04
3.26000E-01,9.89651E-04
3.26500E-01,9.88136E-04
3.27000E-01,9.86626E-04
3.27500E-01,9.85120E-04
3.28000E-01,9.83619E-04
3.28500E-01,9.82122E-04
3.29000E-01,9.80630E-04
3.29500E-01,9.79142E-04
3.30000E-01,9.77659E-04
3.30500E-01,9.76180E-04
3.31000E-01,9.74706E-04
3.31500E-01,9.73237E-04
3.32000E-01,9.71771E-04
3.32500E-01,9.70310E-04
3.33000E-01,9.68854E-04
3.33500E-01,9.67402E-04
3.34000E-01,9.65954E-04
3.34500E-01,9.64511E-04
3.35000E-01,9.63071E-04
3.35500E-01,9.61637E-04
3.36000E-01,9.60206E-04
3.36500E-01,9.58780E-04
3.37000E-01,9.57358E-04
3.37500E-01,9.55940E-04
3.38000E-01,9.54526E-04
3.38500E-01,9.53116E-04
3.39000E-01,9.51711E-04
3.39500E-01,9.50310E-04
3.40000E-01,9.48913E-04
3.40500E-01,9.47520E-04
3.41000E-01,9.46131E-04
3.41500E-01,9.44746E-04
3.42000E-01,9.43365E-04
3.42500E-01,9.41988E-04
3.43000E-01,9.40616E-04
3.43500E-01,9.39247E-04
3.44000E-01,9.37882E-04
3.44500E-01,9.36521E-04
3.45000E-01,9.35164E-04
3.45500E-01,9.33811E-04
3.46000E-01,9.32462E-04
3.46500E-01,9.31117E-04
3.47000E-01,9.29776E-04
3.47500E-01,9.28439E-04
3.48000E-01,9.27105E-04
3.48500E-01,9.25775E-04
3.49000E-01,9.24449E-04
3.49500E-01,9.23127E-04
3.50000E-01,9.21809E-04
3.50500E-01,9.20494E-04
3.51000E-01,9.19183E-04
3.51500E-01,9.17876E-04
3.52000E-01,9.16573E-04
3.52500E-01,9.15273E-04
3.53000E-01,9.13977E-04
3.53500E-01,9.12684E-04
3.54000E-01,9.11396E-04
3.54500E-01,9.10111E-04
3.55000E-01,9.08829E-04
3.55500E-01,9.07551E-04
3.56000E-01,9.06277E-04
3.56500E-01,9.05006E-04
3.57000E-01,9.03739E-04
3.57500E-01,9.02475E-04
3.58000E-01,9.01215E-04
3.58500E-01,8.99959E-04
3.59000E-01,8.98706E-04
3.59500E-01,8.97456E-04
3.60000E-01,8.96210E-04
3.60500E-01,8.94967E-04
3.61000E-01,8.93728E-04
3.61500E-01,8.92492E-04
3.62000E-01,8.91260E-04
3.62500E-01,8.90031E-04
3.63000E-01,8.88805E-04
3.63500E-01,8.87583E-04
3.64000E-01,8.86364E-04
3.64500E-01,8.85149E-04
3.65000E-01,8.83937E-04
3.65500E-01,8.82728E-04
3.66000E-01,8.81522E-04
3.66500E-01,8.80320E-04
3.67000E-01,8.79121E-04
3.67500E-01,8.77925E-04
3.68000E-01,8.76733E-04
3.68500E-01,8.75543E-04
3.69000E-01,8.74357E-04
3.69500E-01,8.73174E-04
3.70000E-01,8.71995E-04
3.70500E-01,8.70818E-04
3.71000E-01,8.69645E-04
3.71500E-01,8.68475E-04
3.72000E-01,8.67308E-04
3.72500E-01,8.66144E-04
3.73000E-01,8.64983E-04
3.73500E-01,8.63826E-04
3.74000E-01,8.62671E-04
3.74500E-01,8.61520E-04
3.75000E-01,8.60371E-04
3.75500E-01,8.59226E-04
3.76000E-01,8.58084E-04
3.76500E-01,8.56944E-04
3.77000E-01,8.55808E-04
3.77500E-01,8.54675E-04
3.78000E-01,8.53545E-04
3.78500E-01,8.52417E-04
3.79000E-01,8.51293E-04
3.79500E-01,8.50172E-04
3.80000E-01,8.49053E-04
3.80500E-01,8.47938E-04
3.81000E-01,8.46826E-04
3.81500E-01,8.45716E-04
3.82000E-01,8.44609E-04
3.82500E-01,8.43506E-04
3.83000E-01,8.42405E-04
3.83500E-01,8.41307E-04
3.84000E-01,8.40211E-04
3.84500E-01,8.39119E-04
3.85000E-01,8.38030E-04
3.85500E-01,8.36943E-04
3.86000E-01,8.35859E-04
3.86500E-01,8.34778E-04
3.87000E-01,8.33700E-04
3.87500E-01,8.32624E-04
3.88000E-01,8.31552E-04
3.88500E-01,8.30482E-04
3.89000E-01,8.29415E-04
3.89500E-01,8.28350E-04
3.90000E-01,8.27288E-04
3.90500E-01,8.26229E-04
3.91000E-01,8.25173E-04
3.91500E-01,8.24120E-04
3.92000E-01,8.23069E-04
3.92500E-01,8.22020E-04
3.93000E-01,8.20975E-04
3.93500E-01,8.19932E-04
3.94000E-01,8.18892E-04
3.94500E-01,8.17854E-04
3.95000E-01,8.16819E-04
3.95500E-01,8.15787E-04
3.96000E-01,8.14757E-04
3.96500E-01,8.13730E-04
3.97000E-01,8.12705E-04
3.97500E-01,8.11683E-04
3.98000E-01,8.10664E-04
3.98500E-01,8.09647E-04
3.99000E-01,8.08633E-04
3.99500E-01,8.07621E-04
4.00000E-01,8.06611E-04
4.00500E-01,8.05605E-04
4.01000E-01,8.04600E-04
4.01500E-01,8.03599E-04
4.02000E-01,8.02599E-04
4.02500E-01,8.01603E-04
4.03000E-01,8.00608E-04
4.03500E-01,7.99617E-04
4.04000E-01,7.98627E-04
4.04500E-01,7.97640E-04
4.05000E-01,7.96656E-04
4.05500E-01,7.95674E-04
4.06000E-01,7.94694E-04
4.06500E-01,7.93717E-04
4.07000E-01,7.92742E-04
4.07500E-01,7.91769E-04
4.08000E-01,7.90799E-04
4.08500E-01,7.89832E-04
4.09000E-01,7.88866E-04
4.09500E-01,7.87903E-04
4.10000E-01,7.86943E-04
4.10500E-01,7.85984E-04
4.11000E-01,7.85029E-04
4.11500E-01,7.84075E-04
4.12000E-01,7.83124E-04
4.12500E-01,7.82175E-04
4.13000E-01,7.81228E-04
4.13500E-01,7.80283E-04
4.14000E-01,7.79341E-04
4.14500E-01,7.78401E-04
4.15000E-01,7.77464E-04
4.15500E-01,7.76528E-04
4.16000E-01,7.75595E-04
4.16500E-01,7.74665E-04
4.17000E-01,7.73736E-04
4.17500E-01,7.72809E-04
4.18000E-01,7.71885E-04
4.18500E-01,7.70963E-04
4.19000E-01,7.70044E-04
4.19500E-01,7.69126E-04
4.20000E-01,7.68211E-04
4.20500E-01,7.67297E-04
4.21000E-01,7.66386E-04
4.21500E-01,7.65477E-04
4.22000E-01,7.64571E-04
4.22500E-01,7.63666E-04
4.23000E-01,7.62763E-04
4.23500E-01,7.61863E-04
4.24000E-01,7.60965E-04
4.24500E-01,7.60069E-04
4.25000E-01,7.59175E-04
4.25500E-01,7.58283E-04
4.26000E-01,7.57393E-04
4.26500E-01,7.56505E-04
4.27000E-01,7.55620E-04
4.27500E-01,7.54736E-04
4.28000E-01,7.53855E-04
4.28500E-01,7.52975E-04
4.29000E-01,7.52098E-04
4.29500E-01,7.51223E-04
4.30000E-01,7.50349E-04
4.30500E-01,7.49478E-04
4.31000E-01,7.48609E-04
4.31500E-01,7.47742E-04
4.32000E-01,7.46876E-04
4.32500E-01,7.46013E-04
4.33000E-01,7.45152E-04
4.33500E-01,7.44293E-04
4.34000E-01,7.43435E-04
4.34500E-01,7.42580E-04
4.35000E-01,7.41727E-04
4.35500E-01,7.40875E-04
4.36000E-01,7.40026E-04
4.36500E-01,7.39178E-04
4.37000E-01,7.38333E-04
4.37500E-01,7.37489E-04
4.38000E-01,7.36647E-04
4.38500E-01,7.35808E-04
4.39000E-01,7.34970E-04
4.39500E-01,7.34134E-04
4.40000E-01,7.33300E-04
4.40500E-01,7.32468E-04
4.41000E-01,7.31637E-04
4.41500E-01,7.30809E-04
4.42000E-01,7.29982E-04
4.42500E-01,7.29158E-04
4.43000E-01,7.28335E-04
4.43500E-01,7.27514E-04
4.44000E-01,7.26695E-04
4.44500E-01,7.25878E-04
4.45000E-01,7.25062E-04
4.45500E-01,7.24249E-04
4.46000E-01,7.23437E-04
4.46500E-01,7.22627E-04
4.47000E-01,7.21819E-04
4.47500E-01,7.21013E-04
4.48000E-01,7.20208E-04
4.48500E-01,7.19405E-04
4.49000E-01,7.18604E-04
4.49500E-01,7.17805E-04
4.50000E-01,7.17008E-04
4.50500E-01,7.16212E-04
4.51000E-01,7.15418E-04
4.51500E-01,7.14626E-04
4.52000E-01,7.13836E-04
4.52500E-01,7.13047E-04
4.53000E-01,7.12261E-04
4.53500E-01,7.11475E-04
4.54000E-01,7.10692E-04
4.54500E-01,7.09910E-04
4.55000E-01,7.09130E-04
4.55500E-01,7.08352E-04
4.56000E-01,7.07576E-04
4.56500E-01,7.06801E-04
4.57000E-01,7.06028E-04
4.57500E-01,7.05256E-04
4.58000E-01,7.04486E-04
4.58500E-01,7.03718E-04
4.59000E-01,7.02952E-04
4.59500E-01,7.02187E-04
4.60000E-01,7.01424E-04
4.60500E-01,7.00663E-04
4.61000E-01,6.99903E-04
4.61500E-01,6.99145E-04
4.62000E-01,6.98388E-04
4.62500E-01,6.97633E-04
4.63000E-01,6.96880E-04
4.63500E-01,6.96129E-04
4.64000E-01,6.95379E-04
4.64500E-01,6.94630E-04
4.65000E-01,6.93884E-04
4.65500E-01,6.93138E-04
4.66000E-01,6.92395E-04
4.66500E-01,6.91653E-04
4.67000E-01,6.90913E-04
4.67500E-01,6.90174E-04
4.68000E-01,6.89437E-04
4.68500E-01,6.88701E-04
4.69000E-01,6.87967E-04
4.69500E-01,6.87234E-04
4.70000E-01,6.86503E-04
4.70500E-01,6.85774E-04
4.71000E-01,6.85046E-04
4.71500E-01,6.84320E-04
4.72000E-01,6.83595E-04
4.72500E-01,6.82872E-04
4.73000E-01,6.82150E-04
4.73500E-01,6.81430E-04
4.74000E-01,6.80711E-04
4.74500E-01,6.79994E-04
4.75000E-01,6.79279E-04
4.75500E-01,6.78564E-04
4.76000E-01,6.77852E-04
4.76500E-01,6.77141E-04
4.77000E-01,6.76431E-04
4.77500E-01,6.75723E-04
4.78000E-01,6.75016E-04
4.78500E-01,6.74311E-04
4.79000E-01,6.73607E-04
4.79500E-01,6.72905E-04
4.80000E-01,6.72204E-04
4.80500E-01,6.71505E-04
4.81000E-01,6.70807E-04
4.81500E-01,6.70111E-04
4.82000E-01,6.69416E-04
4.82500E-01,6.68722E-04
4.83000E-01,6.68030E-04
4.83500E-01,6.67339E-04
4.84000E-01,6.66650E-04
4.84500E-01,6.65962E-04
4.85000E-01,6.65276E-04
4.85500E-01,6.64591E-04
4.86000E-01,6.63907E-04
4.86500E-01,6.63225E-04
4.87000E-01,6.62544E-04
4.87500E-01,6.61865E-04
4.88000E-01,6.61187E-04
4.88500E-01,6.60510E-04
4.89000E-01,6.59835E-04
4.89500E-01,6.59161E-04
4.90000E-01,6.58489E-04
4.90500E-01,6.57817E-04
4.91000E-01,6.57148E-04
4.91500E-01,6.56479E-04
4.92000E-01,6.55812E-04
4.92500E-01,6.55147E-04
4.93000E-01,6.54482E-04
4.93500E-01,6.53819E-04
4.94000E-01,6.53158E-04
4.94500E-01,6.52497E-04
4.95000E-01,6.51838E-04
4.95500E-01,6.51181E-04
4.96000E-01,6.50525E-04
4.96500E-01,6.49870E-04
4.97000E-01,6.49216E-04
4.97500E-01,6.48564E-04
4.98000E-01,6.47913E-04
4.98500E-01,6.47263E-04
4.99000E-01,6.46614E-04
4.99500E-01,6.45967E-04
5.00000E-01,6.45321E-04
5.00500E-01,6.44677E-04
5.01000E-01,6.44034E-04
5.01500E-01,6.43392E-04
5.02000E-01,6.42751E-04
5.02500E-01,6.42111E-04
5.03000E-01,6.41473E-04
5.03500E-01,6.40836E-04
5.04000E-01,6.40201E-04
5.04500E-01,6.39566E-04
5.05000E-01,6.38933E-04
5.05500E-01,6.38301E-04
5.06000E-01,6.37671E-04
5.06500E-01,6.37042E-04
5.07000E-01,6.36413E-04
5.07500E-01,6.35787E-04
5.08000E-01,6.35161E-04
5.08500E-01,6.34536E-04
5.09000E-01,6.33913E-04
5.09500E-01,6.33291E-04
5.10000E-01,6.32671E-04
5.10500E-01,6.32051E-04
5.11000E-01,6.31433E-04
5.11500E-01,6.30816E-04
5.12000E-01,6.30200E-04
5.12500E-01,6.29585E-04
5.13000E-01,6.28971E-04
5.13500E-01,6.28359E-04
5.14000E-01,6.27748E-04
5.14500E-01,6.27138E-04
5.15000E-01,6.26529E-04
5.15500E-01,6.25922E-04
5.16000E-01,6.25315E-04
5.16500E-01,6.24710E-04
5.17000E-01,6.24106E-04
5.17500E-01,6.23503E-04
5.18000E-01,6.22901E-04
5.18500E-01,6.22301E-04
5.19000E-01,6.21701E-04
5.19500E-01,6.21103E-04
5.20000E-01,6.20506E-04
5.20500E-01,6.19910E-04
5.21000E-01,6.19315E-04
5.21500E-01,6.18722E-04
5.22000E-01,6.18129E-04
5.22500E-01,6.17538E-04
5.23000E-01,6.16947E-04
5.23500E-01,6.16358E-04
5.24000E-01,6.15770E-04
5.24500E-01,6.15183E-04
5.25000E-01,6.14598E-04
5.25500E-01,6.14013E-04
5.26000E-01,6.13429E-04
5.26500E-01,6.12847E-04
5.27000E-01,6.12266E-04
5.27500E-01,6.11685E-04
5.28000E-01,6.11106E-04
5.28500E-01,6.10528E-04
5.29000E-01,6.09951E-04
5.29500E-01,6.09375E-04
5.30000E-01,6.08801E-04
5.30500E-01,6.08227E-04
5.31000E-01,6.07654E-04
5.31500E-01,6.07083E-04
5.32000E-01,6.06512E-04
5.32500E-01,6.05943E-04
5.33000E-01,6.05375E-04
5.33500E-01,6.04807E-04
5.34000E-01,6.04241E-04
5.34500E-01,6.03676E-04
5.35000E-01,6.03112E-04
5.35500E-01,6.02549E-04
5.36000E-01,6.01987E-04
5.36500E-01,6.01426E-04
5.37000E-01,6.00866E-04
5.37500E-01,6.00307E-04
5.38000E-01,5.99750E-04
5.38500E-01,5.99193E-04
5.39000E-01,5.98637E-04
5.39500E-01,5.98082E-04
5.40000E-01,5.97529E-04
5.40500E-01,5.96976E-04
5.41000E-01,5.96424E-04
5.41500E-01,5.95874E-04
5.42000E-01,5.95324E-04
5.42500E-01,5.94776E-04
5.43000E-01,5.94228E-04
5.43500E-01,5.93681E-04
5.44000E-01,5.93136E-04
5.44500E-01,5.92591E-04
5.45000E-01,5.92048E-04
5.45500E-01,5.91505E-04
5.46000E-01,5.90964E-04
5.46500E-01,5.90423E-04
5.47000E-01,5.89883E-04
5.47500E-01,5.89345E-04
5.48000E-01,5.88807E-04
5.48500E-01,5.88271E-04
5.49000E-01,5.87735E-04
5.49500E-01,5.87200E-04
5.50000E-01,5.86666E-04
5.50500E-01,5.86134E-04
5.51000E-01,5.85602E-04
5.51500E-01,5.85071E-04
5.52000E-01,5.84541E-04
5.52500E-01,5.84012E-04
5.53000E-01,5.83484E-04
5.53500E-01,5.82957E-04
5.54000E-01,5.82431E-04
5.54500E-01,5.81906E-04
5.55000E-01,5.81382E-04
5.55500E-01,5.80859E-04
5.56000E-01,5.80337E-04
5.56500E-01,5.79815E-04
5.57000E-01,5.79295E-04
5.57500E-01,5.78776E-04
5.58000E-01,5.78257E-04
5.58500E-01,5.77739E-04
5.59000E-01,5.77223E-04
5.59500E-01,5.76707E-04
5.60000E-01,5.76192E-04
5.60500E-01,5.75678E-04
5.61000E-01,5.75165E-04
5.61500E-01,5.74653E-04
5.62000E-01,5.74142E-04
5.62500E-01,5.73632E-04
5.63000E-01,5.73122E-04
5.63500E-01,5.72614E-04
5.64000E-01,5.72106E-04
5.64500E-01,5.71600E-04
5.65000E-01,5.71094E-04
5.65500E-01,5.70589E-04
5.66000E-01,5.70085E-04
5.66500E-01,5.69582E-04
5.67000E-01,5.69080E-04
5.67500E-01,5.68579E-04
5.68000E-01,5.68078E-04
5.68500E-01,5.67579E-04
5.69000E-01,5.67080E-04
5.69500E-01,5.66582E-04
5.70000E-01,5.66085E-04
5.70500E-01,5.65589E-04
5.71000E-01,5.65094E-04
5.71500E-01,5.64600E-04
5.72000E-01,5.64106E-04
5.72500E-01,5.63614E-04
5.73000E-01,5.63122E-04
5.73500E-01,5.62631E-04
5.74000E-01,5.62141E-04
5.74500E-01,5.61652E-04
5.75000E-01,5.61164E-04
5.75500E-01,5.60676E-04
5.76000E-01,5.60190E-04
5.76500E-01,5.59704E-04
5.77000E-01,5.59219E-04
5.77500E-01,5.58735E-04
5.78000E-01,5.58252E-04
5.78500E-01,5.57769E-04
5.79000E-01,5.57288E-04
5.79500E-01,5.56807E-04
5.80000E-01,5.56327E-04
5.80500E-01,5.55848E-04
5.81000E-01,5.55370E-04
5.81500E-01,5.54892E-04
5.82000E-01,5.54415E-04
5.82500E-01,5.53940E-04
5.83000E-01,5.53465E-04
5.83500E-01,5.52990E-04
5.84000E-01,5.52517E-04
5.84500E-01,5.52045E-04
5.85000E-01,5.51573E-04
5.85500E-01,5.51102E-04
5.86000E-01,5.50632E-04
5.86500E-01,5.50162E-04
5.87000E-01,5.49694E-04
5.87500E-01,5.49226E-04
5.88000E-01,5.48759E-04
5.88500E-01,5.48293E-04
5.89000E-01,5.47828E-04
5.89500E-01,5.47363E-04
5.90000E-01,5.46899E-04
5.90500E-01,5.46436E-04
5.91000E-01,5.45974E-04
5.91500E-01,5.45513E-04
5.92000E-01,5.45052E-04
5.92500E-01,5.44592E-04
5.93000E-01,5.44133E-04
5.93500E-01,5.43675E-04
5.94000E-01,5.43217E-04
5.94500E-01,5.42760E-04
5.95000E-01,5.42304E-04
5.95500E-01,5.41849E-04
5.96000E-01,5.41394E-04
5.96500E-01,5.40941E-04
5.97000E-01,5.40488E-04
5.97500E-01,5.40036E-04
5.98000E-01,5.39584E-04
5.98500E-01,5.39133E-04
5.99000E-01,5.38683E-04
5.99500E-01,5.38234E-04
6.00000E-01,5.37786E-04
6.00500E-01,5.37338E-04
6.01000E-01,5.36891E-04
6.01500E-01,5.36445E-04
6.02000E-01,5.35999E-04
6.02500E-01,5.35555E-04
6.03000E-01,5.35111E-04
6.03500E-01,5.34667E-04
6.04000E-01,5.34225E-04
6.04500E-01,5.33783E-04
6.05000E-01,5.33342E-04
6.05500E-01,5.32902E-04
6.06000E-01,5.32462E-04
6.06500E-01,5.32023E-04
6.07000E-01,5.31585E-04
6.07500E-01,5.31148E-04
6.08000E-01,5.30711E-04
6.08500E-01,5.30275E-04
6.09000E-01,5.29839E-04
6.09500E-01,5.29405E-04
6.10000E-01,5.28971E-04
6.10500E-01,5.28538E-04
6.11000E-01,5.28105E-04
6.11500E-01,5.27674E-04
6.12000E-01,5.27243E-04
6.12500E-01,5.26812E-04
6.13000E-01,5.26383E-04
6.13500E-01,5.25954E-04
6.14000E-01,5.25526E-04
6.14500E-01,5.25098E-04
6.15000E-01,5.24671E-04
6.15500E-01,5.24245E-04
6.16000E-01,5.23820E-04
6.16500E-01,5.23395E-04
6.17000E-01,5.22971E-04
6.17500E-01,5.22547E-04
6.18000E-01,5.22125E-04
6.18500E-01,5.21703E-04
6.19000E-01,5.21281E-04
6.19500E-01,5.20861E-04
6.20000E-01,5.20441E-04
6.20500E-01,5.20021E-04
6.21000E-01,5.19603E-04
6.21500E-01,5.19185E-04
6.22000E-01,5.18767E-04
6.22500E-01,5.18351E-04
6.23000E-01,5.17935E-04
6.23500E-01,5.17520E-04
6.24000E-01,5.17105E-04
6.24500E-01,5.16691E-04
6.25000E-01,5.16278E-04
6.25500E-01,5.15865E-04
6.26000E-01,5.15453E-04
6.26500E-01,5.15042E-04
6.27000E-01,5.14631E-04
6.27500E-01,5.14221E-04
6.28000E-01,5.13812E-04
6.28500E-01,5.13403E-04
6.29000E-01,5.12995E-04
6.29500E-01,5.12588E-04
6.30000E-01,5.12181E-04
6.30500E-01,5.11775E-04
6.31000E-01,5.11369E-04
6.31500E-01,5.10965E-04
6.32000E-01,5.10560E-04
6.32500E-01,5.10157E-04
6.33000E-01,5.09754E-04
6.33500E-01,5.09352E-04
6.34000E-01,5.08950E-04
6.34500E-01,5.08549E-04
6.35000E-01,5.08149E-04
6.35500E-01,5.07749E-04
6.36000E-01,5.07350E-04
6.36500E-01,5.06951E-04
6.37000E-01,5.06553E-04
6.37500E-01,5.06156E-04
6.38000E-01,5.05760E-04
6.38500E-01,5.05364E-04
6.39000E-01,5.04968E-04
6.39500E-01,5.04574E-04
6.40000E-01,5.04179E-04
6.40500E-01,5.03786E-04
6.41000E-01,5.03393E-04
6.41500E-01,5.03001E-04
6.42000E-01,5.02609E-04
6.42500E-01,5.02218E-04
6.43000E-01,5.01827E-04
6.43500E-01,5.01438E-04
6.44000E-01,5.01048E-04
6.44500E-01,5.00660E-04
6.45000E-01,5.00272E-04
6.45500E-01,4.99884E-04
6.46000E-01,4.99497E-04
6.46500E-01,4.99111E-04
6.47000E-01,4.98725E-04
6.47500E-01,4.98340E-04
6.48000E-01,4.97956E-04
6.48500E-01,4.97572E-04
6.49000E-01,4.97189E-04
6.49500E-01,4.96806E-04
6.50000E-01,4.96424E-04
6.50500E-01,4.96042E-04
6.51000E-01,4.95662E-04
6.51500E-01,4.95281E-04
6.52000E-01,4.94901E-04
6.52500E-01,4.94522E-04
6.53000E-01,4.94144E-04
6.53500E-01,4.93766E-04
6.54000E-01,4.93388E-04
6.54500E-01,4.93011E-04
6.55000E-01,4.92635E-04
6.55500E-01,4.92259E-04
6.56000E-01,4.91884E-04
6.56500E-01,4.91510E-04
6.57000E-01,4.91136E-04
6.57500E-01,4.90762E-04
6.58000E-01,4.90389E-04
6.58500E-01,4.90017E-04
6.59000E-01,4.89645E-04
6.59500E-01,4.89274E-04
6.60000E-01,4.88904E-04
6.60500E-01,4.88534E-04
6.61000E-01,4.88164E-04
6.61500E-01,4.87795E-04
6.62000E-01,4.87427E-04
6.62500E-01,4.87059E-04
6.63000E-01,4.86692E-04
6.63500E-01,4.86325E-04
6.64000E-01,4.85959E-04
6.64500E-01,4.85593E-04
6.65000E-01,4.85228E-04
6.65500E-01,4.84864E-04
6.66000E-01,4.84500E-04
6.66500E-01,4.84136E-04
6.67000E-01,4.83773E-04
6.67500E-01,4.83411E-04
6.68000E-01,4.83049E-04
6.68500E-01,4.82688E-04
6.69000E-01,4.82327E-04
6.69500E-01,4.81967E-04
6.70000E-01,4.81608E-04
6.70500E-01,4.81248E-04
6.71000E-01,4.80890E-04
6.71500E-01,4.80532E-04
6.72000E-01,4.80174E-04
6.72500E-01,4.79817E-04
6.73000E-01,4.79461E-04
6.73500E-01,4.79105E-04
6.74000E-01,4.78750E-04
6.74500E-01,4.78395E-04
6.75000E-01,4.78041E-04
6.75500E-01,4.77687E-04
6.76000E-01,4.77334E-04
6.76500E-01,4.76981E-04
6.77000E-01,4.76629E-04
6.77500E-01,4.76277E-04
6.78000E-01,4.75926E-04
6.78500E-01,4.75575E-04
6.79000E-01,4.75225E-04
6.79500E-01,4.74875E-04
6.80000E-01,4.74526E-04
6.80500E-01,4.74178E-04
6.81000E-01,4.73829E-04
6.81500E-01,4.73482E-04
6.82000E-01,4.73135E-04
6.82500E-01,4.72788E-04
6.83000E-01,4.72442E-04
6.83500E-01,4.72097E-04
6.84000E-01,4.71752E-04
6.84500E-01,4.71407E-04
6.85000E-01,4.71063E-04
6.85500E-01,4.70719E-04
6.86000E-01,4.70376E-04
6.86500E-01,4.70034E-04
6.87000E-01,4.69692E-04
6.87500E-01,4.69350E-04
6.88000E-01,4.69009E-04
6.88500E-01,4.68669E-04
6.89000E-01,4.68329E-04
6.89500E-01,4.67989E-04
6.90000E-01,4.67650E-04
6.90500E-01,4.67311E-04
6.91000E-01,4.66973E-04
6.91500E-01,4.66636E-04
6.92000E-01,4.66299E-04
6.92500E-01,4.65962E-04
6.93000E-01,4.65626E-04
6.93500E-01,4.65290E-04
6.94000E-01,4.64955E-04
6.94500E-01,4.64620E-04
6.95000E-01,4.64286E-04
6.95500E-01,4.63952E-04
6.96000E-01,4.63619E-04
6.96500E-01,4.63286E-04
6.97000E-01,4.62954E-04
6.97500E-01,4.62622E-04
6.98000E-01,4.62291E-04
6.98500E-01,4.61960E-04
6.99000E-01,4.61630E-04
6.99500E-01,4.61300E-04
7.00000E-01,4.60970E-04
7.00500E-01,4.60641E-04
7.01000E-01,4.60313E-04
7.01500E-01,4.59985E-04
7.02000E-01,4.59657E-04
7.02500E-01,4.59330E-04
7.03000E-01,4.59003E-04
7.03500E-01,4.58677E-04
7.04000E-01,4.58351E-04
7.04500E-01,4.58026E-04
7.05000E-01,4.57701E-04
7.05500E-01,4.57377E-04
7.06000E-01,4.57053E-04
7.06500E-01,4.56730E-04
7.07000E-01,4.56407E-04
7.07500E-01,4.56084E-04
7.08000E-01,4.55762E-04
7.08500E-01,4.55441E-04
7.09000E-01,4.55119E-04
7.09500E-01,4.54799E-04
7.10000E-01,4.54479E-04
7.10500E-01,4.54159E-04
7.11000E-01,4.53839E-04
7.11500E-01,4.53521E-04
7.12000E-01,4.53202E-04
7.12500E-01,4.52884E-04
7.13000E-01,4.52567E-04
7.13500E-01,4.52249E-04
7.14000E-01,4.51933E-04
7.14500E-01,4.51617E-04
7.15000E-01,4.51301E-04
7.15500E-01,4.50986E-04
7.16000E-01,4.50671E-04
7.16500E-01,4.50356E-04
7.17000E-01,4.50042E-04
7.17500E-01,4.49729E-04
7.18000E-01,4.49415E-04
7.18500E-01,4.49103E-04
7.19000E-01,4.48790E-04
7.19500E-01,4.48479E-04
7.20000E-01,4.48167E-04
7.20500E-01,4.47856E-04
7.21000E-01,4.47546E-04
7.21500E-01,4.47236E-04
7.22000E-01,4.46926E-04
7.22500E-01,4.46617E-04
7.23000E-01,4.46308E-04
7.23500E-01,4.45999E-04
7.24000E-01,4.45692E-04
7.24500E-01,4.45384E-04
7.25000E-01,4.45077E-04
7.25500E-01,4.44770E-04
7.26000E-01,4.44464E-04
7.26500E-01,4.44158E-04
7.27000E-01,4.43853E-04
7.27500E-01,4.43548E-04
7.28000E-01,4.43243E-04
7.28500E-01,4.42939E-04
7.29000E-01,4.42635E-04
7.29500E-01,4.42332E-04
7.30000E-01,4.42029E-04
7.30500E-01,4.41726E-04
7.31000E-01,4.41424E-04
7.31500E-01,4.41123E-04
7.32000E-01,4.40821E-04
7.32500E-01,4.40520E-04
7.33000E-01,4.40220E-04
7.33500E-01,4.39920E-04
7.34000E-01,4.39620E-04
7.34500E-01,4.39321E-04
7.35000E-01,4.39022E-04
7.35500E-01,4.38724E-04
7.36000E-01,4.38426E-04
7.36500E-01,4.38128E-04
7.37000E-01,4.37831E-04
7.37500E-01,4.37534E-04
7.38000E-01,4.37238E-04
7.38500E-01,4.36942E-04
7.39000E-01,4.36646E-04
7.39500E-01,4.36351E-04
7.40000E-01,4.36056E-04
7.40500E-01,4.35762E-04
7.41000E-01,4.35468E-04
7.41500E-01,4.35174E-04
7.42000E-01,4.34881E-04
7.42500E-01,4.34588E-04
7.43000E-01,4.34296E-04
7.43500E-01,4.34004E-04
7.44000E-01,4.33712E-04
7.44500E-01,4.33421E-04
7.45000E-01,4.33130E-04
7.45500E-01,4.32840E-04
7.46000E-01,4.32550E-04
7.46500E-01,4.32260E-04
7.47000E-01,4.31971E-04
7.47500E-01,4.31682E-04
7.48000E-01,4.31393E-04
7.48500E-01,4.31105E-04
7.49000E-01,4.30817E-04
7.49500E-01,4.30530E-04
7.50000E-01,4.30243E-04
7.50500E-01,4.29956E-04
7.51000E-01,4.29670E-04
7.51500E-01,4.29384E-04
7.52000E-01,4.29099E-04
7.52500E-01,4.28814E-04
7.53000E-01,4.28529E-04
7.53500E-01,4.28245E-04
7.54000E-01,4.27961E-04
7.54500E-01,4.27677E-04
7.55000E-01,4.27394E-04
7.55500E-01,4.27111E-04
7.56000E-01,4.26829E-04
7.56500E-01,4.26547E-04
7.57000E-01,4.26265E-04
7.57500E-01,4.25984E-04
7.58000E-01,4.25703E-04
7.58500E-01,4.25422E-04
7.59000E-01,4.25142E-04
7.59500E-01,4.24862E-04
7.60000E-01,4.24583E-04
7.60500E-01,4.24303E-04
7.61000E-01,4.24025E-04
7.61500E-01,4.23746E-04
7.62000E-01,4.23468E-04
7.62500E-01,4.23191E-04
7.63000E-01,4.22913E-04
7.63500E-01,4.22637E-04
7.64000E-01,4.22360E-04
7.64500E-01,4.22084E-04
7.65000E-01,4.21808E-04
7.65500E-01,4.21532E-04
7.66000E-01,4.21257E-04
7.66500E-01,4.20983E-04
7.67000E-01,4.20708E-04
7.67500E-01,4.20434E-04
7.68000E-01,4.20160E-04
7.68500E-01,4.19887E-04
7.69000E-01,4.19614E-04
7.69500E-01,4.19342E-04
7.70000E-01,4.19069E-04
7.70500E-01,4.18797E-04
7.71000E-01,4.18526E-04
7.71500E-01,4.18255E-04
7.72000E-01,4.17984E-04
7.72500E-01,4.17713E-04
7.73000E-01,4.17443E-04
7.73500E-01,4.17173E-04
7.74000E-01,4.16904E-04
7.74500E-01,4.16635E-04
7.75000E-01,4.16366E-04
7.75500E-01,4.16098E-04
7.76000E-01,4.15829E-04
7.76500E-01,4.15562E-04
7.77000E-01,4.15294E-04
7.77500E-01,4.15027E-04
7.78000E-01,4.14761E-04
7.78500E-01,4.14494E-04
7.79000E-01,4.14228E-04
7.79500E-01,4.13963E-04
7.80000E-01,4.13697E-04
7.80500E-01,4.13432E-04
7.81000E-01,4.13168E-04
7.81500E-01,4.12903E-04
7.82000E-01,4.12639E-04
7.82500E-01,4.12376E-04
7.83000E-01,4.12112E-04
7.83500E-01,4.11849E-04
7.84000E-01,4.11587E-04
7.84500E-01,4.11325E-04
7.85000E-01,4.11063E-04
7.85500E-01,4.10801E-04
7.86000E-01,4.10540E-04
7.86500E-01,4.10279E-04
7.87000E-01,4.10018E-04
7.87500E-01,4.09758E-04
7.88000E-01,4.09498E-04
7.88500E-01,4.09238E-04
7.89000E-01,4.08979E-04
7.89500E-01,4.08720E-04
7.90000E-01,4.08461E-04
7.90500E-01,4.08203E-04
7.91000E-01,4.07945E-04
7.91500E-01,4.07687E-04
7.92000E-01,4.07430E-04
7.92500E-01,4.07173E-04
7.93000E-01,4.06916E-04
7.93500E-01,4.06660E-04
7.94000E-01,4.06404E-04
7.94500E-01,4.06148E-04
7.95000E-01,4.05893E-04
7.95500E-01,4.05638E-04
7.96000E-01,4.05383E-04
7.96500E-01,4.05128E-04
7.97000E-01,4.04874E-04
7.97500E-01,4.04620E-04
7.98000E-01,4.04367E-04
7.98500E-01,4.04114E-04
7.99000E-01,4.03861E-04
7.99500E-01,4.03608E-04
8.00000E-01,4.03356E-04
8.00500E-01,4.03104E-04
8.01000E-01,4.02853E-04
8.01500E-01,4.02601E-04
8.02000E-01,4.02350E-04
8.02500E-01,4.02100E-04
8.03000E-01,4.01849E-04
8.03500E-01,4.01599E-04
8.04000E-01,4.01350E-04
8.04500E-01,4.01100E-04
8.05000E-01,4.00851E-04
8.05500E-01,4.00602E-04
8.06000E-01,4.00354E-04
8.06500E-01,4.00106E-04
8.07000E-01,3.99858E-04
8.07500E-01,3.99610E-04
8.08000E-01,3.99363E-04
8.08500E-01,3.99116E-04
8.09000E-01,3.98869E-04
8.09500E-01,3.98623E-04
8.10000E-01,3.98377E-04
8.10500E-01,3.98131E-04
8.11000E-01,3.97886E-04
8.11500E-01,3.97641E-04
8.12000E-01,3.97396E-04
8.12500E-01,3.97151E-04
8.13000E-01,3.96907E-04
8.13500E-01,3.96663E-04
8.14000E-01,3.96420E-04
8.14500E-01,3.96176E-04
8.15000E-01,3.95933E-04
8.15500E-01,3.95691E-04
8.16000E-01,3.95448E-04
8.16500E-01,3.95206E-04
8.17000E-01,3.94964E-04
8.17500E-01,3.94723E-04
8.18000E-01,3.94481E-04
8.18500E-01,3.94240E-04
8.19000E-01,3.94000E-04
8.19500E-01,3.93759E-04
8.20000E-01,3.93519E-04
8.20500E-01,3.93280E-04
8.21000E-01,3.93040E-04
8.21500E-01,3.92801E-04
8.22000E-01,3.92562E-04
8.22500E-01,3.92323E-04
8.23000E-01,3.92085E-04
8.23500E-01,3.91847E-04
8.24000E-01,3.91609E-04
8.24500E-01,3.91372E-04
8.25000E-01,3.91135E-04
8.25500E-01,3.90898E-04
8.26000E-01,3.90661E-04
8.26500E-01,3.90425E-04
8.27000E-01,3.90189E-04
8.27500E-01,3.89953E-04
8.28000E-01,3.89718E-04
8.28500E-01,3.89483E-04
8.29000E-01,3.89248E-04
8.29500E-01,3.89013E-04
8.30000E-01,3.88779E-04
8.30500E-01,3.88545E-04
8.31000E-01,3.88311E-04
8.31500E-01,3.88077E-04
8.32000E-01,3.87844E-04
8.32500E-01,3.87611E-04
8.33000E-01,3.87379E-04
8.33500E-01,3.87146E-04
8.34000E-01,3.86914E-04
8.34500E-01,3.86683E-04
8.35000E-01,3.86451E-04
8.35500E-01,3.86220E-04
8.36000E-01,3.85989E-04
8.36500E-01,3.85758E-04
8.37000E-01,3.85528E-04
8.37500E-01,3.85298E-04
8.38000E-01,3.85068E-04
8.38500E-01,3.84838E-04
8.39000E-01,3.84609E-04
8.39500E-01,3.84380E-04
8.40000E-01,3.84151E-04
8.40500E-01,3.83922E-04
8.41000E-01,3.83694E-04
8.41500E-01,3.83466E-04
8.42000E-01,3.83239E-04
8.42500E-01,3.83011E-04
8.43000E-01,3.82784E-04
8.43500E-01,3.82557E-04
8.44000E-01,3.82331E-04
8.44500E-01,3.82104E-04
8.45000E-01,3.81878E-04
8.45500E-01,3.81652E-04
8.46000E-01,3.81427E-04
8.46500E-01,3.81202E-04
8.47000E-01,3.80977E-04
8.47500E-01,3.80752E-04
8.48000E-01,3.80527E-04
8.48500E-01,3.80303E-04
8.49000E-01,3.80079E-04
8.49500E-01,3.79856E-04
8.50000E-01,3.79632E-04
8.50500E-01,3.79409E-04
8.51000E-01,3.79186E-04
8.51500E-01,3.78963E-04
8.52000E-01,3.78741E-04
8.52500E-01,3.78519E-04
8.53000E-01,3.78297E-04
8.53500E-01,3.78075E-04
8.54000E-01,3.77854E-04
8.54500E-01,3.77633E-04
8.55000E-01,3.77412E-04
8.55500E-01,3.77192E-04
8.56000E-01,3.76971E-04
8.56500E-01,3.76751E-04
8.57000E-01,3.76532E-04
8.57500E-01,3.76312E-04
8.58000E-01,3.76093E-04
8.58500E-01,3.75874E-04
8.59000E-01,3.75655E-04
8.59500E-01,3.75437E-04
8.60000E-01,3.75218E-04
8.60500E-01,3.75000E-04
8.61000E-01,3.74783E-04
8.61500E-01,3.74565E-04
8.62000E-01,3.74348E-04
8.62500E-01,3.74131E-04
8.63000E-01,3.73914E-04
8.63500E-01,3.73698E-04
8.64000E-01,3.73481E-04
8.64500E-01,3.73265E-04
8.65000E-01,3.73050E-04
8.65500E-01,3.72834E-04
8.66000E-01,3.72619E-04
8.66500E-01,3.72404E-04
8.67000E-01,3.72189E-04
8.67500E-01,3.71975E-04
8.68000E-01,3.71760E-04
8.68500E-01,3.71546E-04
8.69000E-01,3.71333E-04
8.69500E-01,3.71119E-04
8.70000E-01,3.70906E-04
8.70500E-01,3.70693E-04
8.71000E-01,3.70480E-04
8.71500E-01,3.70268E-04
8.72000E-01,3.70055E-04
8.72500E-01,3.69843E-04
8.73000E-01,3.69631E-04
8.73500E-01,3.69420E-04
8.74000E-01,3.69209E-04
8.74500E-01,3.68998E-04
8.75000E-01,3.68787E-04
8.75500E-01,3.68576E-04
8.76000E-01,3.68366E-04
8.76500E-01,3.68156E-04
8.77000E-01,3.67946E-04
8.77500E-01,3.67736E-04
8.78000E-01,3.67527E-04
8.78500E-01,3.67318E-04
8.79000E-01,3.67109E-04
8.79500E-01,3.66900E-04
8.80000E-01,3.66692E-04
8.80500E-01,3.66483E-04
8.81000E-01,3.66275E-04
8.81500E-01,3.66068E-04
8.82000E-01,3.65860E-04
8.82500E-01,3.65653E-04
8.83000E-01,3.65446E-04
8.83500E-01,3.65239E-04
8.84000E-01,3.65033E-04
8.84500E-01,3.64826E-04
8.85000E-01,3.64620E-04
8.85500E-01,3.64414E-04
8.86000E-01,3.64209E-04
8.86500E-01,3.64003E-04
8.87000E-01,3.63798E-04
8.87500E-01,3.63593E-04
8.88000E-01,3.63388E-04
8.88500E-01,3.63184E-04
8.89000E-01,3.62980E-04
8.89500E-01,3.62776E-04
8.90000E-01,3.62572E-04
8.90500E-01,3.62368E-04
8.91000E-01,3.62165E-04
8.91500E-01,3.61962E-04
8.92000E-01,3.61759E-04
8.92500E-01,3.61556E-04
8.93000E-01,3.61354E-04
8.93500E-01,3.61152E-04
8.94000E-01,3.60950E-04
8.94500E-01,3.60748E-04
8.95000E-01,3.60547E-04
8.95500E-01,3.60345E-04
8.96000E-01,3.60144E-04
8.96500E-01,3.59943E-04
8.97000E-01,3.59743E-04
8.97500E-01,3.59542E-04
8.98000E-01,3.59342E-04
8.98500E-01,3.59142E-04
8.99000E-01,3.58943E-04
8.99500E-01,3.58743E-04
9.00000E-01,3.58544E-04
9.00500E-01,3.58345E-04
9.01000E-01,3.58146E-04
9.01500E-01,3.57947E-04
9.02000E-01,3.57749E-04
9.02500E-01,3.57551E-04
9.03000E-01,3.57353E-04
9.03500E-01,3.57155E-04
9.04000E-01,3.56957E-04
9.04500E-01,3.56760E-04
9.05000E-01,3.56563E-04
9.05500E-01,3.56366E-04
9.06000E-01,3.56170E-04
9.06500E-01,3.55973E-04
9.07000E-01,3.55777E-04
9.07500E-01,3.55581E-04
9.08000E-01,3.55385E-04
9.08500E-01,3.55190E-04
9.09000E-01,3.54994E-04
9.09500E-01,3.54799E-04
9.10000E-01,3.54604E-04
9.10500E-01,3.54409E-04
9.11000E-01,3.54215E-04
9.11500E-01,3.54021E-04
9.12000E-01,3.53827E-04
9.12500E-01,3.53633E-04
9.13000E-01,3.53439E-04
9.13500E-01,3.53246E-04
9.14000E-01,3.53052E-04
9.14500E-01,3.52859E-04
9.15000E-01,3.52667E-04
9.15500E-01,3.52474E-04
9.16000E-01,3.52282E-04
9.16500E-01,3.52089E-04
9.17000E-01,3.51898E-04
9.17500E-01,3.51706E-04
9.18000E-01,3.51514E-04
9.18500E-01,3.51323E-04
9.19000E-01,3.51132E-04
9.19500E-01,3.50941E-04
9.20000E-01,3.50750E-04
9.20500E-01,3.50560E-04
9.21000E-01,3.50369E-04
9.21500E-01,3.50179E-04
9.22000E-01,3.49989E-04
9.22500E-01,3.49800E-04
9.23000E-01,3.49610E-04
9.23500E-01,3.49421E-04
9.24000E-01,3.49232E-04
9.24500E-01,3.49043E-04
9.25000E-01,3.48854E-04
9.25500E-01,3.48666E-04
9.26000E-01,3.48478E-04
9.26500E-01,3.48290E-04
9.27000E-01,3.48102E-04
9.27500E-01,3.47914E-04
9.28000E-01,3.47727E-04
9.28500E-01,3.47540E-04
9.29000E-01,3.47353E-04
9.29500E-01,3.47166E-04
9.30000E-01,3.46979E-04
9.30500E-01,3.46793E-04
9.31000E-01,3.46606E-04
9.31500E-01,3.46420E-04
9.32000E-01,3.46235E-04
9.32500E-01,3.46049E-04
9.33000E-01,3.45864E-04
9.33500E-01,3.45678E-04
9.34000E-01,3.45493E-04
9.34500E-01,3.45308E-04
9.35000E-01,3.45124E-04
9.35500E-01,3.44939E-04
9.36000E-01,3.44755E-04
9.36500E-01,3.44571E-04
9.37000E-01,3.44387E-04
9.37500E-01,3.44204E-04
9.38000E-01,3.44020E-04
9.38500E-01,3.43837E-04
9.39000E-01,3.43654E-04
9.39500E-01,3.43471E-04
9.40000E-01,3.43288E-04
9.40500E-01,3.43106E-04
9.41000E-01,3.42923E-04
9.41500E-01,3.42741E-04
9.42000E-01,3.42559E-04
9.42500E-01,3.42378E-04
9.43000E-01,3.42196E-04
9.43500E-01,3.42015E-04
9.44000E-01,3.41834E-04
9.44500E-01,3.41653E-04
9.45000E-01,3.41472E-04
9.45500E-01,3.41291E-04
9.46000E-01,3.41111E-04
9.46500E-01,3.40931E-04
9.47000E-01,3.40751E-04
9.47500E-01,3.40571E-04
9.48000E-01,3.40392E-04
9.48500E-01,3.40212E-04
9.49000E-01,3.40033E-04
9.49500E-01,3.39854E-04
9.50000E-01,3.39675E-04
9.50500E-01,3.39496E-04
9.51000E-01,3.39318E-04
9.51500E-01,3.39140E-04
9.52000E-01,3.38961E-04
9.52500E-01,3.38784E-04
9.53000E-01,3.38606E-04
9.53500E-01,3.38428E-04
9.54000E-01,3.38251E-04
9.54500E-01,3.38074E-04
9.55000E-01,3.37897E-04
9.55500E-01,3.37720E-04
9.56000E-01,3.37543E-04
9.56500E-01,3.37367E-04
9.57000E-01,3.37191E-04
9.57500E-01,3.37015E-04
9.58000E-01,3.36839E-04
9.58500E-01,3.36663E-04
9.59000E-01,3.36488E-04
9.59500E-01,3.36312E-04
9.60000E-01,3.36137E-04
9.60500E-01,3.35962E-04
9.61000E-01,3.35787E-04
9.61500E-01,3.35613E-04
9.62000E-01,3.35438E-04
9.62500E-01,3.35264E-04
9.63000E-01,3.35090E-04
9.63500E-01,3.34916E-04
9.64000E-01,3.34742E-04
9.64500E-01,3.34569E-04
9.65000E-01,3.34396E-04
9.65500E-01,3.34222E-04
9.66000E-01,3.34050E-04
9.66500E-01,3.33877E-04
9.67000E-01,3.33704E-04
9.67500E-01,3.33532E-04
9.68000E-01,3.33359E-04
9.68500E-01,3.33187E-04
9.69000E-01,3.33015E-04
9.69500E-01,3.32844E-04
9.70000E-01,3.32672E-04
9.70500E-01,3.32501E-04
9.71000E-01,3.32330E-04
9.71500E-01,3.32159E-04
9.72000E-01,3.31988E-04
9.72500E-01,3.31817E-04
9.73000E-01,3.31647E-04
9.73500E-01,3.31476E-04
9.74000E-01,3.31306E-04
9.74500E-01,3.31136E-04
9.75000E-01,3.30966E-04
9.75500E-01,3.30797E-04
9.76000E-01,3.30627E-04
9.76500E-01,3.30458E-04
9.77000E-01,3.30289E-04
9.77500E-01,3.30120E-04
9.78000E-01,3.29951E-04
9.78500E-01,3.29783E-04
9.79000E-01,3.29614E-04
9.79500E-01,3.29446E-04
9.80000E-01,3.29278E-04
9.80500E-01,3.29110E-04
9.81000E-01,3.28942E-04
9.81500E-01,3.28775E-04
9.82000E-01,3.28607E-04
9.82500E-01,3.28440E-04
9.83000E-01,3.28273E-04
9.83500E-01,3.28106E-04
9.84000E-01,3.27939E-04
9.84500E-01,3.27773E-04
9.85000E-01,3.27607E-04
9.85500E-01,3.27440E-04
9.86000E-01,3.27274E-04
9.86500E-01,3.27108E-04
9.87000E-01,3.26943E-04
9.87500E-01,3.26777E-04
9.88000E-01,3.26612E-04
9.88500E-01,3.26447E-04
9.89000E-01,3.26282E-04
9.89500E-01,3.26117E-04
9.90000E-01,3.25952E-04
9.90500E-01,3.25788E-04
9.91000E-01,3.25623E-04
9.91500E-01,3.25459E-04
9.92000E-01,3.25295E-04
9.92500E-01,3.25131E-04
9.93000E-01,3.24968E-04
9.93500E-01,3.24804E-04
9.94000E-01,3.24641E-04
9.94500E-01,3.24477E-04
9.95000E-01,3.24314E-04
9.95500E-01,3.24152E-04
9.96000E-01,3.23989E-04
9.96500E-01,3.23826E-04
9.97000E-01,3.23664E-04
9.97500E-01,3.23502E-04
9.98000E-01,3.23340E-04
9.98500E-01,3.23178E-04
9.99000E-01,3.23016E-04
9.99500E-01,3.22854E-04
1.00000E+00,3.22693E-04
